Ticker,Target_Date,News_Count,Mean_Sentiment,Positive_News_Proportion,Negative_News_Proportion,Neutral_News_Proportion
ADANIPORTS,2025-02-18,1,0.9942,1.0,0.0,0.0
ADANIPORTS,2025-03-03,1,0.9882,1.0,0.0,0.0
ADANIPORTS,2025-03-06,1,0.9867,1.0,0.0,0.0
ADANIPORTS,2025-03-07,1,0.9657,1.0,0.0,0.0
ADANIPORTS,2025-03-27,1,0.9993,1.0,0.0,0.0
ADANIPORTS,2025-04-21,1,0.9929,1.0,0.0,0.0
ADANIPORTS,2025-04-22,1,0.9485,1.0,0.0,0.0
ADANIPORTS,2025-05-02,1,1.0,1.0,0.0,0.0
ADANIPORTS,2025-05-05,4,0.9915,1.0,0.0,0.0
ADANIPORTS,2025-05-06,2,0.9603999999999999,1.0,0.0,0.0
ADANIPORTS,2025-05-08,1,-0.7782,0.0,1.0,0.0
ADANIPORTS,2025-05-13,1,0.9991,1.0,0.0,0.0
ADANIPORTS,2025-05-23,1,0.9217,1.0,0.0,0.0
ADANIPORTS,2025-05-26,1,0.9987,1.0,0.0,0.0
ADANIPORTS,2025-05-29,1,0.984,1.0,0.0,0.0
ADANIPORTS,2025-06-03,1,0.9982,1.0,0.0,0.0
ADANIPORTS,2025-06-04,3,0.6898,1.0,0.0,0.0
ADANIPORTS,2025-06-05,2,0.97865,1.0,0.0,0.0
ADANIPORTS,2025-06-06,1,0.9972,1.0,0.0,0.0
ADANIPORTS,2025-06-16,1,-0.8316,0.0,1.0,0.0
ADANIPORTS,2025-06-19,1,-1.0,0.0,1.0,0.0
ADANIPORTS,2025-06-20,1,-0.9429,0.0,1.0,0.0
ADANIPORTS,2025-06-25,2,0.9854499999999999,1.0,0.0,0.0
ADANIPORTS,2025-08-05,2,0.954,1.0,0.0,0.0
ADANIPORTS,2025-08-06,1,1.0,1.0,0.0,0.0
ADANIPORTS,2025-08-07,3,0.9694666666666666,1.0,0.0,0.0
ASIANPAINT,2025-03-05,1,0.9922,1.0,0.0,0.0
ASIANPAINT,2025-03-17,1,0.9983,1.0,0.0,0.0
ASIANPAINT,2025-03-19,1,0.9961,1.0,0.0,0.0
ASIANPAINT,2025-03-24,1,0.9989,1.0,0.0,0.0
ASIANPAINT,2025-03-26,2,0.99415,1.0,0.0,0.0
ASIANPAINT,2025-04-11,2,0.03425,0.5,0.5,0.0
ASIANPAINT,2025-05-06,1,-0.9769,0.0,1.0,0.0
ASIANPAINT,2025-05-07,1,-0.8831,0.0,1.0,0.0
ASIANPAINT,2025-05-08,1,0.9965,1.0,0.0,0.0
ASIANPAINT,2025-05-09,2,0.9790000000000001,1.0,0.0,0.0
ASIANPAINT,2025-05-12,3,0.39063333333333333,0.6666666666666666,0.3333333333333333,0.0
ASIANPAINT,2025-05-30,1,-0.2979,0.0,1.0,0.0
ASIANPAINT,2025-06-04,1,-0.9648,0.0,1.0,0.0
ASIANPAINT,2025-06-10,1,0.9969,1.0,0.0,0.0
ASIANPAINT,2025-06-13,3,0.7775333333333334,1.0,0.0,0.0
ASIANPAINT,2025-06-16,1,-0.9638,0.0,1.0,0.0
ASIANPAINT,2025-06-17,2,-0.022250000000000048,0.5,0.5,0.0
ASIANPAINT,2025-06-18,1,0.9986,1.0,0.0,0.0
ASIANPAINT,2025-06-23,1,-0.7875,0.0,1.0,0.0
ASIANPAINT,2025-06-24,1,-0.9882,0.0,1.0,0.0
ASIANPAINT,2025-07-02,1,1.0,1.0,0.0,0.0
ASIANPAINT,2025-07-03,2,0.90315,1.0,0.0,0.0
ASIANPAINT,2025-07-08,1,0.9812,1.0,0.0,0.0
ASIANPAINT,2025-07-10,2,0.97895,1.0,0.0,0.0
ASIANPAINT,2025-07-11,1,0.9968,1.0,0.0,0.0
ASIANPAINT,2025-07-15,1,-0.9822,0.0,1.0,0.0
ASIANPAINT,2025-07-29,1,0.9804,1.0,0.0,0.0
ASIANPAINT,2025-07-30,2,0.96255,1.0,0.0,0.0
ASIANPAINT,2025-07-31,3,0.9468,1.0,0.0,0.0
ASIANPAINT,2025-08-05,1,0.9985,1.0,0.0,0.0
ASIANPAINT,2025-08-07,1,0.9947,1.0,0.0,0.0
ASIANPAINT,2025-08-08,1,0.9945,1.0,0.0,0.0
AXISBANK,2025-02-10,1,0.9993,1.0,0.0,0.0
AXISBANK,2025-02-18,1,0.9915,1.0,0.0,0.0
AXISBANK,2025-02-24,1,0.742,1.0,0.0,0.0
AXISBANK,2025-02-25,1,0.6069,1.0,0.0,0.0
AXISBANK,2025-03-07,1,0.984,1.0,0.0,0.0
AXISBANK,2025-03-10,1,0.9995,1.0,0.0,0.0
AXISBANK,2025-03-13,1,0.9942,1.0,0.0,0.0
AXISBANK,2025-03-19,1,0.9967,1.0,0.0,0.0
AXISBANK,2025-03-20,1,0.9966,1.0,0.0,0.0
AXISBANK,2025-03-24,1,0.9992,1.0,0.0,0.0
AXISBANK,2025-03-25,1,0.997,1.0,0.0,0.0
AXISBANK,2025-03-27,1,0.9979,1.0,0.0,0.0
AXISBANK,2025-04-08,2,0.76045,1.0,0.0,0.0
AXISBANK,2025-04-17,1,0.9925,1.0,0.0,0.0
AXISBANK,2025-04-24,1,0.9951,1.0,0.0,0.0
AXISBANK,2025-04-25,1,1.0,1.0,0.0,0.0
AXISBANK,2025-04-28,9,0.9365444444444445,1.0,0.0,0.0
AXISBANK,2025-04-29,3,0.9925,1.0,0.0,0.0
AXISBANK,2025-05-05,1,0.9213,1.0,0.0,0.0
AXISBANK,2025-05-15,1,0.9685,1.0,0.0,0.0
AXISBANK,2025-05-16,1,0.9541,1.0,0.0,0.0
AXISBANK,2025-05-26,1,0.9995,1.0,0.0,0.0
AXISBANK,2025-06-09,1,0.9996,1.0,0.0,0.0
AXISBANK,2025-06-20,1,0.9485,1.0,0.0,0.0
AXISBANK,2025-06-25,1,0.9906,1.0,0.0,0.0
AXISBANK,2025-06-27,1,0.9994,1.0,0.0,0.0
AXISBANK,2025-06-30,2,0.9593499999999999,1.0,0.0,0.0
AXISBANK,2025-07-04,1,0.8425,1.0,0.0,0.0
AXISBANK,2025-07-16,2,0.96225,1.0,0.0,0.0
AXISBANK,2025-07-17,1,0.994,1.0,0.0,0.0
AXISBANK,2025-07-18,1,0.9908,1.0,0.0,0.0
AXISBANK,2025-07-21,6,0.20274999999999999,0.6666666666666666,0.3333333333333333,0.0
AXISBANK,2025-07-23,2,0.9752000000000001,1.0,0.0,0.0
AXISBANK,2025-07-25,1,0.9552,1.0,0.0,0.0
AXISBANK,2025-08-01,1,-0.4404,0.0,1.0,0.0
AXISBANK,2025-08-07,1,0.9987,1.0,0.0,0.0
BAJAJ-AUTO,2025-02-24,1,0.8658,1.0,0.0,0.0
BAJAJ-AUTO,2025-02-25,2,0.9831000000000001,1.0,0.0,0.0
BAJAJ-AUTO,2025-03-04,2,0.9858,1.0,0.0,0.0
BAJAJ-AUTO,2025-03-11,1,0.8883,1.0,0.0,0.0
BAJAJ-AUTO,2025-03-20,1,0.9957,1.0,0.0,0.0
BAJAJ-AUTO,2025-03-24,1,0.9968,1.0,0.0,0.0
BAJAJ-AUTO,2025-04-23,1,0.8571,1.0,0.0,0.0
BAJAJ-AUTO,2025-04-29,2,0.99945,1.0,0.0,0.0
BAJAJ-AUTO,2025-05-13,1,0.9922,1.0,0.0,0.0
BAJAJ-AUTO,2025-05-19,1,0.999,1.0,0.0,0.0
BAJAJ-AUTO,2025-05-20,2,0.9887999999999999,1.0,0.0,0.0
BAJAJ-AUTO,2025-05-21,1,0.9888,1.0,0.0,0.0
BAJAJ-AUTO,2025-05-23,1,0.4271,1.0,0.0,0.0
BAJAJ-AUTO,2025-05-27,1,0.9946,1.0,0.0,0.0
BAJAJ-AUTO,2025-05-30,1,1.0,1.0,0.0,0.0
BAJAJ-AUTO,2025-06-02,5,0.8898999999999999,1.0,0.0,0.0
BAJAJ-AUTO,2025-06-03,3,0.9797333333333333,1.0,0.0,0.0
BAJAJ-AUTO,2025-06-04,1,0.9824,1.0,0.0,0.0
BAJAJ-AUTO,2025-06-05,1,0.9504,1.0,0.0,0.0
BAJAJ-AUTO,2025-06-24,1,0.9885,1.0,0.0,0.0
BAJAJ-AUTO,2025-07-09,1,0.9196,1.0,0.0,0.0
BAJAJ-AUTO,2025-07-14,1,0.9966,1.0,0.0,0.0
BAJAJ-AUTO,2025-07-21,1,0.9991,1.0,0.0,0.0
BAJAJ-AUTO,2025-07-22,1,0.9996,1.0,0.0,0.0
BAJAJ-AUTO,2025-07-28,1,0.994,1.0,0.0,0.0
BAJAJ-AUTO,2025-08-05,1,0.9874,1.0,0.0,0.0
BAJAJ-AUTO,2025-08-07,1,0.995,1.0,0.0,0.0
BAJAJ-AUTO,2025-08-08,3,0.9172666666666668,1.0,0.0,0.0
BAJAJ-AUTO,2025-08-11,2,0.9007499999999999,1.0,0.0,0.0
BAJAJFINSV,2025-02-13,1,0.9702,1.0,0.0,0.0
BAJAJFINSV,2025-02-14,1,0.9991,1.0,0.0,0.0
BAJAJFINSV,2025-02-19,1,0.9995,1.0,0.0,0.0
BAJAJFINSV,2025-02-25,1,0.989,1.0,0.0,0.0
BAJAJFINSV,2025-03-04,2,0.9849,1.0,0.0,0.0
BAJAJFINSV,2025-03-20,2,0.7377,1.0,0.0,0.0
BAJAJFINSV,2025-03-21,1,0.9052,1.0,0.0,0.0
BAJAJFINSV,2025-03-25,1,0.9858,1.0,0.0,0.0
BAJAJFINSV,2025-03-26,1,0.9962,1.0,0.0,0.0
BAJAJFINSV,2025-03-27,1,0.9979,1.0,0.0,0.0
BAJAJFINSV,2025-03-28,2,0.99705,1.0,0.0,0.0
BAJAJFINSV,2025-04-11,1,0.9996,1.0,0.0,0.0
BAJAJFINSV,2025-04-15,1,0.9968,1.0,0.0,0.0
BAJAJFINSV,2025-04-21,1,0.999,1.0,0.0,0.0
BAJAJFINSV,2025-04-28,1,0.9985,1.0,0.0,0.0
BAJAJFINSV,2025-05-02,2,0.99655,1.0,0.0,0.0
BAJAJFINSV,2025-05-05,2,0.9799,1.0,0.0,0.0
BAJAJFINSV,2025-05-07,1,0.928,1.0,0.0,0.0
BAJAJFINSV,2025-05-22,1,0.9991,1.0,0.0,0.0
BAJAJFINSV,2025-06-06,1,0.6249,1.0,0.0,0.0
BAJAJFINSV,2025-06-09,2,0.9129,1.0,0.0,0.0
BAJAJFINSV,2025-06-30,1,0.9994,1.0,0.0,0.0
BAJAJFINSV,2025-07-17,1,0.9932,1.0,0.0,0.0
BAJAJFINSV,2025-07-21,1,0.9147,1.0,0.0,0.0
BAJAJFINSV,2025-07-28,3,0.7937666666666666,1.0,0.0,0.0
BAJAJFINSV,2025-07-29,1,0.9966,1.0,0.0,0.0
BAJFINANCE,2025-02-14,1,0.9991,1.0,0.0,0.0
BAJFINANCE,2025-02-25,1,0.9976,1.0,0.0,0.0
BAJFINANCE,2025-02-28,1,0.9996,1.0,0.0,0.0
BAJFINANCE,2025-03-03,1,0.9968,1.0,0.0,0.0
BAJFINANCE,2025-03-04,1,0.9966,1.0,0.0,0.0
BAJFINANCE,2025-03-07,1,0.984,1.0,0.0,0.0
BAJFINANCE,2025-03-20,1,0.9815,1.0,0.0,0.0
BAJFINANCE,2025-03-24,1,0.9989,1.0,0.0,0.0
BAJFINANCE,2025-04-07,2,0.89465,1.0,0.0,0.0
BAJFINANCE,2025-04-09,1,0.9969,1.0,0.0,0.0
BAJFINANCE,2025-04-11,1,0.9996,1.0,0.0,0.0
BAJFINANCE,2025-04-25,2,0.9995,1.0,0.0,0.0
BAJFINANCE,2025-04-30,3,0.9987666666666666,1.0,0.0,0.0
BAJFINANCE,2025-05-02,4,0.96885,1.0,0.0,0.0
BAJFINANCE,2025-05-05,3,0.9795999999999999,1.0,0.0,0.0
BAJFINANCE,2025-05-06,1,0.9371,1.0,0.0,0.0
BAJFINANCE,2025-05-07,1,0.9992,1.0,0.0,0.0
BAJFINANCE,2025-06-09,2,0.9802500000000001,1.0,0.0,0.0
BAJFINANCE,2025-06-17,2,0.9985999999999999,1.0,0.0,0.0
BAJFINANCE,2025-06-27,1,0.9817,1.0,0.0,0.0
BAJFINANCE,2025-07-07,2,0.9922,1.0,0.0,0.0
BAJFINANCE,2025-07-10,1,0.9931,1.0,0.0,0.0
BAJFINANCE,2025-07-21,1,0.997,1.0,0.0,0.0
BAJFINANCE,2025-07-22,1,0.9418,1.0,0.0,0.0
BAJFINANCE,2025-07-23,2,0.9945,1.0,0.0,0.0
BAJFINANCE,2025-07-25,2,0.9968,1.0,0.0,0.0
BAJFINANCE,2025-07-28,6,0.7899166666666666,0.8333333333333334,0.16666666666666666,0.0
BAJFINANCE,2025-07-29,2,0.8464,1.0,0.0,0.0
BAJFINANCE,2025-07-30,1,0.7845,1.0,0.0,0.0
BAJFINANCE,2025-08-06,1,0.9948,1.0,0.0,0.0
BAJFINANCE,2025-08-07,3,0.9921000000000001,1.0,0.0,0.0
BAJFINANCE,2025-08-08,2,0.9965,1.0,0.0,0.0
BHARTIARTL,2025-02-13,1,0.9987,1.0,0.0,0.0
BHARTIARTL,2025-02-19,3,0.9920666666666667,1.0,0.0,0.0
BHARTIARTL,2025-02-20,1,0.9947,1.0,0.0,0.0
BHARTIARTL,2025-02-25,1,0.9968,1.0,0.0,0.0
BHARTIARTL,2025-02-28,2,0.9988,1.0,0.0,0.0
BHARTIARTL,2025-03-07,1,0.984,1.0,0.0,0.0
BHARTIARTL,2025-03-13,1,0.9978,1.0,0.0,0.0
BHARTIARTL,2025-03-26,1,0.9962,1.0,0.0,0.0
BHARTIARTL,2025-04-15,1,0.9198,1.0,0.0,0.0
BHARTIARTL,2025-04-21,1,0.9995,1.0,0.0,0.0
BHARTIARTL,2025-04-24,1,0.998,1.0,0.0,0.0
BHARTIARTL,2025-05-02,1,0.9965,1.0,0.0,0.0
BHARTIARTL,2025-05-05,1,0.9955,1.0,0.0,0.0
BHARTIARTL,2025-05-09,1,0.9979,1.0,0.0,0.0
BHARTIARTL,2025-05-15,1,0.9984,1.0,0.0,0.0
BHARTIARTL,2025-05-19,1,0.999,1.0,0.0,0.0
BHARTIARTL,2025-05-20,1,0.9993,1.0,0.0,0.0
BHARTIARTL,2025-06-04,2,0.5156999999999999,0.5,0.0,0.5
BHARTIARTL,2025-06-23,2,0.9993000000000001,1.0,0.0,0.0
BHARTIARTL,2025-06-30,1,0.999,1.0,0.0,0.0
BHARTIARTL,2025-07-01,1,0.9979,1.0,0.0,0.0
BHARTIARTL,2025-07-11,1,0.9968,1.0,0.0,0.0
BHARTIARTL,2025-07-14,2,0.86365,1.0,0.0,0.0
BHARTIARTL,2025-07-15,2,0.92765,1.0,0.0,0.0
BHARTIARTL,2025-07-16,3,0.9948333333333332,1.0,0.0,0.0
BHARTIARTL,2025-07-17,3,0.9886333333333334,1.0,0.0,0.0
BHARTIARTL,2025-07-18,4,0.991475,1.0,0.0,0.0
BHARTIARTL,2025-07-21,3,0.9889333333333333,1.0,0.0,0.0
BHARTIARTL,2025-07-22,3,0.9832000000000001,1.0,0.0,0.0
BHARTIARTL,2025-07-23,2,0.99335,1.0,0.0,0.0
BHARTIARTL,2025-07-24,2,0.99795,1.0,0.0,0.0
BHARTIARTL,2025-07-25,1,0.9948,1.0,0.0,0.0
BHARTIARTL,2025-07-28,2,0.9916,1.0,0.0,0.0
BHARTIARTL,2025-07-29,3,0.9933333333333333,1.0,0.0,0.0
BHARTIARTL,2025-07-30,3,0.9906,1.0,0.0,0.0
BHARTIARTL,2025-07-31,3,0.9934666666666666,1.0,0.0,0.0
BHARTIARTL,2025-08-01,1,0.9906,1.0,0.0,0.0
BHARTIARTL,2025-08-04,3,0.9923000000000001,1.0,0.0,0.0
BHARTIARTL,2025-08-05,2,0.9954000000000001,1.0,0.0,0.0
BHARTIARTL,2025-08-06,2,0.9037999999999999,1.0,0.0,0.0
BHARTIARTL,2025-08-07,5,0.9933,1.0,0.0,0.0
BHARTIARTL,2025-08-08,6,0.86985,1.0,0.0,0.0
BHARTIARTL,2025-08-11,7,0.9906142857142858,1.0,0.0,0.0
BHARTIARTL,2025-08-12,1,0.9981,1.0,0.0,0.0
BPCL,2025-02-19,1,0.9995,1.0,0.0,0.0
BPCL,2025-03-03,1,-0.9572,0.0,1.0,0.0
BPCL,2025-03-20,1,0.9957,1.0,0.0,0.0
BPCL,2025-04-01,2,0.9794,1.0,0.0,0.0
BPCL,2025-04-08,1,-0.9828,0.0,1.0,0.0
BPCL,2025-04-09,1,-0.0258,0.0,0.0,1.0
BPCL,2025-04-11,1,0.9978,1.0,0.0,0.0
BPCL,2025-04-25,1,0.999,1.0,0.0,0.0
BPCL,2025-05-02,1,0.9989,1.0,0.0,0.0
BPCL,2025-05-12,1,0.9988,1.0,0.0,0.0
BPCL,2025-06-04,1,-0.9648,0.0,1.0,0.0
BPCL,2025-06-12,1,0.9942,1.0,0.0,0.0
BPCL,2025-06-13,1,0.9965,1.0,0.0,0.0
BPCL,2025-06-16,2,-0.98085,0.0,1.0,0.0
BPCL,2025-06-17,2,-0.8946000000000001,0.0,1.0,0.0
BPCL,2025-06-18,1,-0.9786,0.0,1.0,0.0
BPCL,2025-06-20,1,-0.9965,0.0,1.0,0.0
BPCL,2025-06-24,1,-0.4084,0.0,1.0,0.0
BPCL,2025-06-25,1,0.8466,1.0,0.0,0.0
BPCL,2025-06-26,1,0.9838,1.0,0.0,0.0
BPCL,2025-06-27,1,0.5873,1.0,0.0,0.0
BPCL,2025-07-08,1,0.9812,1.0,0.0,0.0
BPCL,2025-07-09,1,-0.9596,0.0,1.0,0.0
BPCL,2025-08-12,1,0.9981,1.0,0.0,0.0
BPCL,2025-08-13,1,0.9996,1.0,0.0,0.0
BRITANNIA,2025-02-27,1,0.9946,1.0,0.0,0.0
BRITANNIA,2025-03-26,1,0.9986,1.0,0.0,0.0
BRITANNIA,2025-04-01,2,0.99535,1.0,0.0,0.0
BRITANNIA,2025-04-11,2,0.9916499999999999,1.0,0.0,0.0
BRITANNIA,2025-05-09,1,0.9682,1.0,0.0,0.0
BRITANNIA,2025-05-12,1,0.9988,1.0,0.0,0.0
BRITANNIA,2025-05-14,1,0.9993,1.0,0.0,0.0
BRITANNIA,2025-05-28,1,0.9949,1.0,0.0,0.0
BRITANNIA,2025-07-16,1,0.997,1.0,0.0,0.0
BRITANNIA,2025-07-24,1,0.9735,1.0,0.0,0.0
BRITANNIA,2025-08-07,1,0.9983,1.0,0.0,0.0
CIPLA,2025-02-24,1,0.9988,1.0,0.0,0.0
CIPLA,2025-03-05,1,0.9596,1.0,0.0,0.0
CIPLA,2025-03-26,1,0.9717,1.0,0.0,0.0
CIPLA,2025-03-28,1,0.6772,1.0,0.0,0.0
CIPLA,2025-04-02,1,-0.9918,0.0,1.0,0.0
CIPLA,2025-04-15,2,0.9737,1.0,0.0,0.0
CIPLA,2025-05-14,5,0.9879999999999999,1.0,0.0,0.0
CIPLA,2025-05-15,1,0.9899,1.0,0.0,0.0
CIPLA,2025-05-16,1,0.9195,1.0,0.0,0.0
CIPLA,2025-05-22,1,0.6751,1.0,0.0,0.0
CIPLA,2025-06-04,1,0.9914,1.0,0.0,0.0
CIPLA,2025-06-05,1,0.9894,1.0,0.0,0.0
CIPLA,2025-06-06,1,0.9938,1.0,0.0,0.0
CIPLA,2025-06-13,1,0.9932,1.0,0.0,0.0
CIPLA,2025-06-17,1,0.9952,1.0,0.0,0.0
CIPLA,2025-06-18,1,-0.2782,0.0,1.0,0.0
CIPLA,2025-07-02,1,0.9985,1.0,0.0,0.0
CIPLA,2025-07-04,1,0.9958,1.0,0.0,0.0
CIPLA,2025-07-09,2,0.9941,1.0,0.0,0.0
CIPLA,2025-07-15,1,0.9804,1.0,0.0,0.0
CIPLA,2025-07-18,3,0.9735666666666667,1.0,0.0,0.0
CIPLA,2025-07-21,1,0.9847,1.0,0.0,0.0
CIPLA,2025-07-28,6,0.98595,1.0,0.0,0.0
CIPLA,2025-07-29,1,0.9984,1.0,0.0,0.0
CIPLA,2025-07-30,3,0.9624333333333334,1.0,0.0,0.0
COALINDIA,2025-02-25,1,0.9968,1.0,0.0,0.0
COALINDIA,2025-03-03,2,0.98735,1.0,0.0,0.0
COALINDIA,2025-03-04,2,-0.89945,0.0,1.0,0.0
COALINDIA,2025-03-05,1,0.8807,1.0,0.0,0.0
COALINDIA,2025-03-07,1,0.9947,1.0,0.0,0.0
COALINDIA,2025-03-11,1,0.999,1.0,0.0,0.0
COALINDIA,2025-03-19,1,0.9961,1.0,0.0,0.0
COALINDIA,2025-04-02,1,0.802,1.0,0.0,0.0
COALINDIA,2025-04-03,1,0.9966,1.0,0.0,0.0
COALINDIA,2025-04-21,1,0.9763,1.0,0.0,0.0
COALINDIA,2025-04-23,1,0.995,1.0,0.0,0.0
COALINDIA,2025-05-08,3,0.9866,1.0,0.0,0.0
COALINDIA,2025-05-09,2,0.77765,1.0,0.0,0.0
COALINDIA,2025-05-12,1,0.9325,1.0,0.0,0.0
COALINDIA,2025-06-03,2,0.7074499999999999,1.0,0.0,0.0
COALINDIA,2025-06-04,1,0.987,1.0,0.0,0.0
COALINDIA,2025-06-09,1,0.9987,1.0,0.0,0.0
COALINDIA,2025-06-27,1,0.9943,1.0,0.0,0.0
COALINDIA,2025-07-16,1,0.9167000000000001,1.0,0.0,0.0
COALINDIA,2025-07-23,1,0.9089,1.0,0.0,0.0
COALINDIA,2025-07-28,1,0.4767,1.0,0.0,0.0
COALINDIA,2025-07-29,1,0.9752,1.0,0.0,0.0
COALINDIA,2025-07-30,1,0.8095,1.0,0.0,0.0
COALINDIA,2025-08-04,4,0.98885,1.0,0.0,0.0
COALINDIA,2025-08-05,1,0.4588,1.0,0.0,0.0
COALINDIA,2025-08-06,1,0.9325,1.0,0.0,0.0
COALINDIA,2025-08-08,1,0.6705,1.0,0.0,0.0
DRREDDY,2025-02-28,1,0.998,1.0,0.0,0.0
DRREDDY,2025-03-17,1,-0.3626,0.0,1.0,0.0
DRREDDY,2025-03-18,1,0.9979,1.0,0.0,0.0
DRREDDY,2025-03-24,1,0.999,1.0,0.0,0.0
DRREDDY,2025-03-26,1,0.9717,1.0,0.0,0.0
DRREDDY,2025-03-28,1,0.6772,1.0,0.0,0.0
DRREDDY,2025-04-04,1,0.875,1.0,0.0,0.0
DRREDDY,2025-04-15,2,0.8082,1.0,0.0,0.0
DRREDDY,2025-05-05,1,0.9955,1.0,0.0,0.0
DRREDDY,2025-05-12,1,0.997,1.0,0.0,0.0
DRREDDY,2025-05-13,2,0.99485,1.0,0.0,0.0
DRREDDY,2025-05-14,1,0.9485,1.0,0.0,0.0
DRREDDY,2025-05-20,1,0.9993,1.0,0.0,0.0
DRREDDY,2025-06-06,2,0.996,1.0,0.0,0.0
DRREDDY,2025-06-13,1,0.9932,1.0,0.0,0.0
DRREDDY,2025-06-18,1,-0.2782,0.0,1.0,0.0
DRREDDY,2025-07-04,1,0.9958,1.0,0.0,0.0
DRREDDY,2025-07-09,1,0.9928,1.0,0.0,0.0
DRREDDY,2025-07-23,1,0.9979,1.0,0.0,0.0
DRREDDY,2025-07-24,1,0.9638,1.0,0.0,0.0
DRREDDY,2025-07-25,1,0.9943,1.0,0.0,0.0
EICHERMOT,2025-02-11,1,0.9786,1.0,0.0,0.0
EICHERMOT,2025-02-12,1,0.9814,1.0,0.0,0.0
EICHERMOT,2025-02-13,2,0.6387499999999999,1.0,0.0,0.0
EICHERMOT,2025-02-21,1,0.9842,1.0,0.0,0.0
EICHERMOT,2025-02-25,1,0.9694,1.0,0.0,0.0
EICHERMOT,2025-03-04,2,0.99735,1.0,0.0,0.0
EICHERMOT,2025-03-07,1,0.984,1.0,0.0,0.0
EICHERMOT,2025-03-12,1,0.9877,1.0,0.0,0.0
EICHERMOT,2025-03-24,1,0.9968,1.0,0.0,0.0
EICHERMOT,2025-04-02,1,0.9903,1.0,0.0,0.0
EICHERMOT,2025-04-21,1,0.9995,1.0,0.0,0.0
EICHERMOT,2025-04-23,1,0.8571,1.0,0.0,0.0
EICHERMOT,2025-04-24,1,0.6808,1.0,0.0,0.0
EICHERMOT,2025-05-05,1,0.9992,1.0,0.0,0.0
EICHERMOT,2025-05-07,1,0.996,1.0,0.0,0.0
EICHERMOT,2025-05-15,2,0.9921,1.0,0.0,0.0
EICHERMOT,2025-05-16,3,0.9910333333333332,1.0,0.0,0.0
EICHERMOT,2025-05-20,1,0.9783,1.0,0.0,0.0
EICHERMOT,2025-05-21,1,0.9888,1.0,0.0,0.0
EICHERMOT,2025-05-22,1,0.8968,1.0,0.0,0.0
EICHERMOT,2025-05-27,1,0.9946,1.0,0.0,0.0
EICHERMOT,2025-06-03,1,0.998,1.0,0.0,0.0
EICHERMOT,2025-06-17,1,0.9993,1.0,0.0,0.0
EICHERMOT,2025-06-23,1,0.9989,1.0,0.0,0.0
EICHERMOT,2025-06-24,1,0.9885,1.0,0.0,0.0
EICHERMOT,2025-06-25,1,0.9974,1.0,0.0,0.0
EICHERMOT,2025-07-01,1,0.9976,1.0,0.0,0.0
EICHERMOT,2025-08-01,1,0.9933,1.0,0.0,0.0
EICHERMOT,2025-08-04,4,0.989425,1.0,0.0,0.0
EICHERMOT,2025-08-05,1,0.9874,1.0,0.0,0.0
EICHERMOT,2025-08-19,1,0.9998,1.0,0.0,0.0
GAIL,2025-04-02,1,0.984,1.0,0.0,0.0
GAIL,2025-04-11,1,0.9978,1.0,0.0,0.0
GAIL,2025-04-15,1,0.9985,1.0,0.0,0.0
GAIL,2025-06-13,1,0.9965,1.0,0.0,0.0
GAIL,2025-06-26,1,0.9838,1.0,0.0,0.0
GAIL,2025-07-01,1,0.9979,1.0,0.0,0.0
GAIL,2025-07-30,1,0.9985,1.0,0.0,0.0
GRASIM,2025-02-11,1,0.9422,1.0,0.0,0.0
GRASIM,2025-02-12,2,0.9777,1.0,0.0,0.0
GRASIM,2025-02-25,1,0.296,1.0,0.0,0.0
GRASIM,2025-03-03,1,0.9824,1.0,0.0,0.0
GRASIM,2025-03-06,1,0.9987,1.0,0.0,0.0
GRASIM,2025-03-20,1,0.9726,1.0,0.0,0.0
GRASIM,2025-03-26,1,0.9921,1.0,0.0,0.0
GRASIM,2025-04-28,1,0.999,1.0,0.0,0.0
GRASIM,2025-04-29,1,0.9958,1.0,0.0,0.0
GRASIM,2025-05-19,1,0.9995,1.0,0.0,0.0
GRASIM,2025-05-26,4,0.983325,1.0,0.0,0.0
GRASIM,2025-05-30,1,0.8658,1.0,0.0,0.0
GRASIM,2025-06-03,1,0.9705,1.0,0.0,0.0
GRASIM,2025-06-04,1,0.9992,1.0,0.0,0.0
GRASIM,2025-06-11,2,0.9959,1.0,0.0,0.0
GRASIM,2025-06-17,1,0.9952,1.0,0.0,0.0
GRASIM,2025-06-25,1,0.9842,1.0,0.0,0.0
GRASIM,2025-07-01,1,0.9988,1.0,0.0,0.0
GRASIM,2025-07-15,1,0.9981,1.0,0.0,0.0
GRASIM,2025-07-16,1,0.8176,1.0,0.0,0.0
GRASIM,2025-08-06,1,0.9981,1.0,0.0,0.0
GRASIM,2025-08-11,1,0.8582,1.0,0.0,0.0
HCLTECH,2025-02-19,1,0.9792,1.0,0.0,0.0
HCLTECH,2025-02-25,1,0.989,1.0,0.0,0.0
HCLTECH,2025-03-03,1,0.9993,1.0,0.0,0.0
HCLTECH,2025-03-05,1,0.9596,1.0,0.0,0.0
HCLTECH,2025-03-26,2,0.9974000000000001,1.0,0.0,0.0
HCLTECH,2025-04-24,2,0.9928,1.0,0.0,0.0
HCLTECH,2025-04-25,2,0.98125,1.0,0.0,0.0
HCLTECH,2025-04-30,1,0.9937,1.0,0.0,0.0
HCLTECH,2025-05-23,1,0.2944,1.0,0.0,0.0
HCLTECH,2025-05-28,1,0.3804,1.0,0.0,0.0
HCLTECH,2025-06-03,1,-0.9027,0.0,1.0,0.0
HCLTECH,2025-06-11,1,0.9947,1.0,0.0,0.0
HCLTECH,2025-06-13,2,0.046599999999999975,0.5,0.5,0.0
HCLTECH,2025-06-17,1,0.9855,1.0,0.0,0.0
HCLTECH,2025-06-18,1,0.9986,1.0,0.0,0.0
HCLTECH,2025-06-26,1,0.9754,1.0,0.0,0.0
HCLTECH,2025-06-30,1,0.9864,1.0,0.0,0.0
HCLTECH,2025-07-02,1,0.998,1.0,0.0,0.0
HCLTECH,2025-07-09,1,0.9823,1.0,0.0,0.0
HCLTECH,2025-07-10,1,0.951,1.0,0.0,0.0
HCLTECH,2025-07-15,1,-0.9913,0.0,1.0,0.0
HCLTECH,2025-07-16,3,0.9813000000000001,1.0,0.0,0.0
HEROMOTOCO,2025-03-11,1,0.994,1.0,0.0,0.0
HEROMOTOCO,2025-04-23,1,0.8571,1.0,0.0,0.0
HEROMOTOCO,2025-05-21,1,0.9888,1.0,0.0,0.0
HEROMOTOCO,2025-06-24,1,0.9885,1.0,0.0,0.0
HINDALCO,2025-02-17,1,0.9985,1.0,0.0,0.0
HINDALCO,2025-02-20,1,-0.3612,0.0,1.0,0.0
HINDALCO,2025-02-24,2,0.96665,1.0,0.0,0.0
HINDALCO,2025-02-25,1,0.999,1.0,0.0,0.0
HINDALCO,2025-02-27,1,-0.6322,0.0,1.0,0.0
HINDALCO,2025-03-04,2,0.996,1.0,0.0,0.0
HINDALCO,2025-03-06,1,0.9991,1.0,0.0,0.0
HINDALCO,2025-03-07,1,0.9819,1.0,0.0,0.0
HINDALCO,2025-03-11,1,0.9944,1.0,0.0,0.0
HINDALCO,2025-03-18,1,0.8549,1.0,0.0,0.0
HINDALCO,2025-03-19,2,0.9893,1.0,0.0,0.0
HINDALCO,2025-03-24,2,0.94615,1.0,0.0,0.0
HINDALCO,2025-03-26,1,0.8689,1.0,0.0,0.0
HINDALCO,2025-03-27,1,0.9746,1.0,0.0,0.0
HINDALCO,2025-04-03,2,0.9196,1.0,0.0,0.0
HINDALCO,2025-04-04,3,0.3525666666666667,0.6666666666666666,0.3333333333333333,0.0
HINDALCO,2025-04-08,1,-0.9731,0.0,1.0,0.0
HINDALCO,2025-04-09,1,-0.912,0.0,1.0,0.0
HINDALCO,2025-04-16,2,0.7721,1.0,0.0,0.0
HINDALCO,2025-04-17,1,-0.9899,0.0,1.0,0.0
HINDALCO,2025-04-23,1,0.9974,1.0,0.0,0.0
HINDALCO,2025-05-14,1,0.9975,1.0,0.0,0.0
HINDALCO,2025-05-19,1,0.8689,1.0,0.0,0.0
HINDALCO,2025-05-21,2,0.9923500000000001,1.0,0.0,0.0
HINDALCO,2025-05-22,5,0.9501799999999999,1.0,0.0,0.0
HINDALCO,2025-05-23,1,0.8604,1.0,0.0,0.0
HINDALCO,2025-06-02,1,-0.5964,0.0,1.0,0.0
HINDALCO,2025-06-03,1,0.9396,1.0,0.0,0.0
HINDALCO,2025-06-19,1,0.8856,1.0,0.0,0.0
HINDALCO,2025-06-25,1,0.9802,1.0,0.0,0.0
HINDALCO,2025-06-26,2,0.99095,1.0,0.0,0.0
HINDALCO,2025-07-04,1,0.9774,1.0,0.0,0.0
HINDALCO,2025-07-10,2,0.2599,0.5,0.5,0.0
HINDALCO,2025-07-22,1,0.97,1.0,0.0,0.0
HINDALCO,2025-07-23,1,0.9968,1.0,0.0,0.0
HINDALCO,2025-08-18,1,0.9975,1.0,0.0,0.0
HINDUNILVR,2025-02-13,1,0.9926,1.0,0.0,0.0
HINDUNILVR,2025-02-27,1,0.9946,1.0,0.0,0.0
HINDUNILVR,2025-03-17,1,-0.3626,0.0,1.0,0.0
HINDUNILVR,2025-03-19,1,0.9982,1.0,0.0,0.0
HINDUNILVR,2025-03-24,1,0.9989,1.0,0.0,0.0
HINDUNILVR,2025-03-28,1,0.9985,1.0,0.0,0.0
HINDUNILVR,2025-04-03,1,0.8513999999999999,1.0,0.0,0.0
HINDUNILVR,2025-04-11,1,0.9841,1.0,0.0,0.0
HINDUNILVR,2025-04-23,2,0.9883500000000001,1.0,0.0,0.0
HINDUNILVR,2025-04-30,1,0.9914,1.0,0.0,0.0
HINDUNILVR,2025-05-09,1,0.9682,1.0,0.0,0.0
HINDUNILVR,2025-05-16,1,0.9994,1.0,0.0,0.0
HINDUNILVR,2025-05-28,1,0.9949,1.0,0.0,0.0
HINDUNILVR,2025-06-13,1,0.8309,1.0,0.0,0.0
HINDUNILVR,2025-06-27,1,0.9991,1.0,0.0,0.0
HINDUNILVR,2025-07-01,1,0.9976,1.0,0.0,0.0
HINDUNILVR,2025-07-10,1,0.9713,1.0,0.0,0.0
HINDUNILVR,2025-07-14,1,0.9982,1.0,0.0,0.0
HINDUNILVR,2025-07-15,1,0.9983,1.0,0.0,0.0
HINDUNILVR,2025-07-16,2,0.98655,1.0,0.0,0.0
HINDUNILVR,2025-07-17,3,0.9935666666666667,1.0,0.0,0.0
HINDUNILVR,2025-07-18,1,0.9917,1.0,0.0,0.0
HINDUNILVR,2025-07-21,2,0.9891000000000001,1.0,0.0,0.0
HINDUNILVR,2025-07-22,2,0.9941,1.0,0.0,0.0
HINDUNILVR,2025-07-23,2,0.99315,1.0,0.0,0.0
HINDUNILVR,2025-07-24,4,0.9763,1.0,0.0,0.0
HINDUNILVR,2025-07-25,1,0.9952,1.0,0.0,0.0
HINDUNILVR,2025-07-28,4,0.9942,1.0,0.0,0.0
HINDUNILVR,2025-07-29,3,0.9914999999999999,1.0,0.0,0.0
HINDUNILVR,2025-07-30,4,0.986325,1.0,0.0,0.0
HINDUNILVR,2025-07-31,4,0.98195,1.0,0.0,0.0
HINDUNILVR,2025-08-01,3,0.9897666666666667,1.0,0.0,0.0
HINDUNILVR,2025-08-04,4,0.992875,1.0,0.0,0.0
HINDUNILVR,2025-08-05,5,0.8773799999999999,1.0,0.0,0.0
HINDUNILVR,2025-08-06,1,0.9974,1.0,0.0,0.0
HINDUNILVR,2025-08-07,2,0.9901500000000001,1.0,0.0,0.0
HINDUNILVR,2025-08-08,4,0.9875499999999999,1.0,0.0,0.0
HINDUNILVR,2025-08-11,2,0.9972,1.0,0.0,0.0
ICICIBANK,2025-02-12,1,0.9871,1.0,0.0,0.0
ICICIBANK,2025-02-14,3,0.9103333333333333,1.0,0.0,0.0
ICICIBANK,2025-02-18,3,0.9722333333333334,1.0,0.0,0.0
ICICIBANK,2025-02-20,1,0.9022,1.0,0.0,0.0
ICICIBANK,2025-02-24,1,0.742,1.0,0.0,0.0
ICICIBANK,2025-02-25,3,0.8445999999999999,1.0,0.0,0.0
ICICIBANK,2025-02-28,1,0.9816,1.0,0.0,0.0
ICICIBANK,2025-03-05,1,0.8807,1.0,0.0,0.0
ICICIBANK,2025-03-07,1,0.984,1.0,0.0,0.0
ICICIBANK,2025-03-13,1,0.9942,1.0,0.0,0.0
ICICIBANK,2025-03-19,1,0.9967,1.0,0.0,0.0
ICICIBANK,2025-03-20,1,0.9726,1.0,0.0,0.0
ICICIBANK,2025-03-25,1,0.997,1.0,0.0,0.0
ICICIBANK,2025-03-26,2,0.81015,1.0,0.0,0.0
ICICIBANK,2025-04-01,1,0.9982,1.0,0.0,0.0
ICICIBANK,2025-04-02,1,0.9998,1.0,0.0,0.0
ICICIBANK,2025-04-03,3,0.8696999999999999,1.0,0.0,0.0
ICICIBANK,2025-04-08,1,0.5267,1.0,0.0,0.0
ICICIBANK,2025-04-09,1,0.8535,1.0,0.0,0.0
ICICIBANK,2025-04-11,1,0.9973,1.0,0.0,0.0
ICICIBANK,2025-04-15,2,0.8866499999999999,1.0,0.0,0.0
ICICIBANK,2025-04-16,1,0.9906,1.0,0.0,0.0
ICICIBANK,2025-04-17,2,0.9949,1.0,0.0,0.0
ICICIBANK,2025-04-21,2,0.9995,1.0,0.0,0.0
ICICIBANK,2025-04-22,8,0.942075,1.0,0.0,0.0
ICICIBANK,2025-04-23,2,0.9808,1.0,0.0,0.0
ICICIBANK,2025-04-24,4,0.92515,1.0,0.0,0.0
ICICIBANK,2025-04-28,5,0.9643599999999999,1.0,0.0,0.0
ICICIBANK,2025-04-29,1,0.9904,1.0,0.0,0.0
ICICIBANK,2025-04-30,2,0.9848,1.0,0.0,0.0
ICICIBANK,2025-05-02,1,0.9983,1.0,0.0,0.0
ICICIBANK,2025-05-06,3,0.5074666666666666,0.6666666666666666,0.3333333333333333,0.0
ICICIBANK,2025-05-07,1,0.9152,1.0,0.0,0.0
ICICIBANK,2025-05-16,2,0.9524999999999999,1.0,0.0,0.0
ICICIBANK,2025-05-19,2,0.77485,1.0,0.0,0.0
ICICIBANK,2025-05-21,1,0.9978,1.0,0.0,0.0
ICICIBANK,2025-05-22,10,0.86111,1.0,0.0,0.0
ICICIBANK,2025-05-23,4,0.7067,1.0,0.0,0.0
ICICIBANK,2025-05-26,1,0.9995,1.0,0.0,0.0
ICICIBANK,2025-05-29,1,0.9785,1.0,0.0,0.0
ICICIBANK,2025-05-30,1,0.936,1.0,0.0,0.0
ICICIBANK,2025-06-02,3,0.9394333333333332,1.0,0.0,0.0
ICICIBANK,2025-06-04,1,0.9517,1.0,0.0,0.0
ICICIBANK,2025-06-13,1,0.9992,1.0,0.0,0.0
ICICIBANK,2025-06-18,1,0.9986,1.0,0.0,0.0
ICICIBANK,2025-06-23,1,0.9845,1.0,0.0,0.0
ICICIBANK,2025-06-24,1,0.9931,1.0,0.0,0.0
ICICIBANK,2025-06-25,1,0.9906,1.0,0.0,0.0
ICICIBANK,2025-06-27,1,0.9994,1.0,0.0,0.0
ICICIBANK,2025-06-30,2,0.99935,1.0,0.0,0.0
ICICIBANK,2025-07-02,1,1.0,1.0,0.0,0.0
ICICIBANK,2025-07-10,2,0.9958,1.0,0.0,0.0
ICICIBANK,2025-07-14,1,0.7964,1.0,0.0,0.0
ICICIBANK,2025-07-16,2,0.9615,1.0,0.0,0.0
ICICIBANK,2025-07-17,3,0.9935,1.0,0.0,0.0
ICICIBANK,2025-07-18,4,0.935025,1.0,0.0,0.0
ICICIBANK,2025-07-21,6,0.9396333333333334,1.0,0.0,0.0
ICICIBANK,2025-07-22,5,0.98492,1.0,0.0,0.0
ICICIBANK,2025-07-23,5,0.97288,1.0,0.0,0.0
ICICIBANK,2025-07-24,6,0.7002666666666667,0.8333333333333334,0.16666666666666666,0.0
ICICIBANK,2025-07-28,1,0.9868,1.0,0.0,0.0
ICICIBANK,2025-07-30,5,0.96376,1.0,0.0,0.0
ICICIBANK,2025-07-31,1,0.8658,1.0,0.0,0.0
ICICIBANK,2025-08-01,7,0.7445857142857143,0.8571428571428571,0.14285714285714285,0.0
ICICIBANK,2025-08-04,1,0.9976,1.0,0.0,0.0
ICICIBANK,2025-08-06,6,0.6185166666666667,0.8333333333333334,0.16666666666666666,0.0
ICICIBANK,2025-08-07,1,0.9978,1.0,0.0,0.0
ICICIBANK,2025-08-08,6,0.6408666666666667,0.8333333333333334,0.16666666666666666,0.0
ICICIBANK,2025-08-12,1,0.9981,1.0,0.0,0.0
INDUSINDBK,2025-02-18,1,0.9915,1.0,0.0,0.0
INDUSINDBK,2025-02-19,1,0.9792,1.0,0.0,0.0
INDUSINDBK,2025-02-25,2,0.7964,1.0,0.0,0.0
INDUSINDBK,2025-03-11,1,0.999,1.0,0.0,0.0
INDUSINDBK,2025-03-12,1,0.9985,1.0,0.0,0.0
INDUSINDBK,2025-03-13,1,0.9942,1.0,0.0,0.0
INDUSINDBK,2025-03-18,1,0.9979,1.0,0.0,0.0
INDUSINDBK,2025-03-19,2,0.99745,1.0,0.0,0.0
INDUSINDBK,2025-03-20,1,0.9966,1.0,0.0,0.0
INDUSINDBK,2025-04-08,1,0.9976,1.0,0.0,0.0
INDUSINDBK,2025-04-09,1,0.8535,1.0,0.0,0.0
INDUSINDBK,2025-04-17,2,0.9949,1.0,0.0,0.0
INDUSINDBK,2025-04-22,1,0.9986,1.0,0.0,0.0
INDUSINDBK,2025-04-29,1,0.9904,1.0,0.0,0.0
INDUSINDBK,2025-04-30,1,0.9966,1.0,0.0,0.0
INDUSINDBK,2025-05-02,1,0.9989,1.0,0.0,0.0
INDUSINDBK,2025-05-05,2,0.96045,1.0,0.0,0.0
INDUSINDBK,2025-05-07,1,0.8903,1.0,0.0,0.0
INDUSINDBK,2025-05-15,1,0.9685,1.0,0.0,0.0
INDUSINDBK,2025-05-16,2,0.9512,1.0,0.0,0.0
INDUSINDBK,2025-05-19,1,0.985,1.0,0.0,0.0
INDUSINDBK,2025-05-20,2,0.9714499999999999,1.0,0.0,0.0
INDUSINDBK,2025-05-22,2,-0.06,0.5,0.5,0.0
INDUSINDBK,2025-05-23,7,0.11144285714285715,0.5714285714285714,0.42857142857142855,0.0
INDUSINDBK,2025-05-26,4,0.5641,0.75,0.25,0.0
INDUSINDBK,2025-05-28,1,0.2263,1.0,0.0,0.0
INDUSINDBK,2025-05-30,2,0.98585,1.0,0.0,0.0
INDUSINDBK,2025-06-09,2,0.9319500000000001,1.0,0.0,0.0
INDUSINDBK,2025-06-10,1,0.9969,1.0,0.0,0.0
INDUSINDBK,2025-06-23,1,0.9337,1.0,0.0,0.0
INDUSINDBK,2025-06-24,2,0.9874499999999999,1.0,0.0,0.0
INDUSINDBK,2025-06-27,1,0.9994,1.0,0.0,0.0
INDUSINDBK,2025-06-30,1,0.9194,1.0,0.0,0.0
INDUSINDBK,2025-07-01,1,0.9988,1.0,0.0,0.0
INDUSINDBK,2025-07-03,1,-0.4767,0.0,1.0,0.0
INDUSINDBK,2025-07-08,2,0.7926,1.0,0.0,0.0
INDUSINDBK,2025-07-14,1,-0.8777,0.0,1.0,0.0
INDUSINDBK,2025-07-21,1,-0.25,0.0,1.0,0.0
INDUSINDBK,2025-07-22,1,0.9418,1.0,0.0,0.0
INDUSINDBK,2025-07-25,1,0.9991,1.0,0.0,0.0
INDUSINDBK,2025-07-29,3,0.9950666666666667,1.0,0.0,0.0
INDUSINDBK,2025-07-30,1,0.9985,1.0,0.0,0.0
INDUSINDBK,2025-08-01,1,-0.4404,0.0,1.0,0.0
INDUSINDBK,2025-08-06,2,0.9896,1.0,0.0,0.0
INFY,2025-03-05,1,0.9596,1.0,0.0,0.0
INFY,2025-03-07,1,0.984,1.0,0.0,0.0
INFY,2025-03-17,1,0.9986,1.0,0.0,0.0
INFY,2025-03-21,1,0.9966,1.0,0.0,0.0
INFY,2025-04-01,1,0.9994,1.0,0.0,0.0
INFY,2025-04-11,1,0.8523,1.0,0.0,0.0
INFY,2025-04-15,1,0.9985,1.0,0.0,0.0
INFY,2025-04-21,1,0.9985,1.0,0.0,0.0
INFY,2025-04-22,1,0.9986,1.0,0.0,0.0
INFY,2025-04-24,1,0.9876,1.0,0.0,0.0
INFY,2025-04-30,1,0.9937,1.0,0.0,0.0
INFY,2025-05-02,2,0.9977,1.0,0.0,0.0
INFY,2025-05-05,1,0.9992,1.0,0.0,0.0
INFY,2025-05-13,1,0.9991,1.0,0.0,0.0
INFY,2025-05-16,1,0.9994,1.0,0.0,0.0
INFY,2025-05-19,1,0.999,1.0,0.0,0.0
INFY,2025-05-23,1,0.2944,1.0,0.0,0.0
INFY,2025-05-28,2,0.6879,1.0,0.0,0.0
INFY,2025-05-30,1,0.9756,1.0,0.0,0.0
INFY,2025-06-03,1,-0.9027,0.0,1.0,0.0
INFY,2025-06-10,1,0.9969,1.0,0.0,0.0
INFY,2025-06-11,1,0.9947,1.0,0.0,0.0
INFY,2025-06-13,1,-0.9061,0.0,1.0,0.0
INFY,2025-06-17,1,0.9855,1.0,0.0,0.0
INFY,2025-06-19,1,0.9869,1.0,0.0,0.0
INFY,2025-06-20,1,0.9566,1.0,0.0,0.0
INFY,2025-06-26,2,0.98675,1.0,0.0,0.0
INFY,2025-06-30,1,0.9864,1.0,0.0,0.0
INFY,2025-07-08,1,-0.5405,0.0,1.0,0.0
INFY,2025-07-10,1,0.951,1.0,0.0,0.0
INFY,2025-07-22,1,0.9941,1.0,0.0,0.0
INFY,2025-07-23,4,0.976225,1.0,0.0,0.0
INFY,2025-07-24,5,0.99616,1.0,0.0,0.0
INFY,2025-07-25,11,0.8936181818181819,1.0,0.0,0.0
INFY,2025-07-28,5,0.99336,1.0,0.0,0.0
INFY,2025-07-29,3,0.9924666666666666,1.0,0.0,0.0
INFY,2025-07-30,4,0.99165,1.0,0.0,0.0
INFY,2025-07-31,3,0.9473666666666668,1.0,0.0,0.0
INFY,2025-08-01,2,0.9959,1.0,0.0,0.0
INFY,2025-08-04,1,0.9965,1.0,0.0,0.0
INFY,2025-08-05,2,0.9954000000000001,1.0,0.0,0.0
INFY,2025-08-06,1,0.9925,1.0,0.0,0.0
INFY,2025-08-07,2,0.9973,1.0,0.0,0.0
INFY,2025-08-08,2,0.9884999999999999,1.0,0.0,0.0
INFY,2025-08-11,3,0.9932,1.0,0.0,0.0
IOC,2025-04-08,1,-0.9828,0.0,1.0,0.0
IOC,2025-04-09,1,0.3818,1.0,0.0,0.0
IOC,2025-05-05,4,0.98915,1.0,0.0,0.0
IOC,2025-05-06,1,-0.5279,0.0,1.0,0.0
IOC,2025-06-04,1,-0.9648,0.0,1.0,0.0
IOC,2025-06-12,2,0.9922,1.0,0.0,0.0
IOC,2025-06-13,1,0.5106,1.0,0.0,0.0
IOC,2025-06-16,2,-0.98085,0.0,1.0,0.0
IOC,2025-06-17,2,-0.8946000000000001,0.0,1.0,0.0
IOC,2025-06-18,2,0.0015000000000000013,0.5,0.5,0.0
IOC,2025-06-20,1,-0.9965,0.0,1.0,0.0
IOC,2025-06-24,1,-0.4084,0.0,1.0,0.0
IOC,2025-06-25,1,0.8466,1.0,0.0,0.0
IOC,2025-06-26,1,0.9838,1.0,0.0,0.0
IOC,2025-06-27,1,0.5873,1.0,0.0,0.0
IOC,2025-07-08,1,0.9812,1.0,0.0,0.0
IOC,2025-07-09,2,0.01924999999999999,0.5,0.5,0.0
IOC,2025-07-10,1,0.9887,1.0,0.0,0.0
IOC,2025-07-22,1,0.9757,1.0,0.0,0.0
IOC,2025-07-23,1,0.9968,1.0,0.0,0.0
IOC,2025-07-24,1,0.9976,1.0,0.0,0.0
IOC,2025-07-28,1,0.9124,1.0,0.0,0.0
IOC,2025-08-12,1,0.9981,1.0,0.0,0.0
ITC,2025-02-13,1,0.9926,1.0,0.0,0.0
ITC,2025-02-27,1,0.9946,1.0,0.0,0.0
ITC,2025-04-02,1,0.9998,1.0,0.0,0.0
ITC,2025-04-08,1,0.9976,1.0,0.0,0.0
ITC,2025-04-11,1,0.9841,1.0,0.0,0.0
ITC,2025-04-16,1,0.9992,1.0,0.0,0.0
ITC,2025-04-23,1,0.9817,1.0,0.0,0.0
ITC,2025-05-09,1,0.9979,1.0,0.0,0.0
ITC,2025-05-16,2,0.9533,1.0,0.0,0.0
ITC,2025-05-26,1,0.9987,1.0,0.0,0.0
ITC,2025-05-28,2,0.9964500000000001,1.0,0.0,0.0
ITC,2025-05-29,1,0.9978,1.0,0.0,0.0
ITC,2025-05-30,1,0.9987,1.0,0.0,0.0
ITC,2025-06-02,1,0.9996,1.0,0.0,0.0
ITC,2025-06-17,1,0.9993,1.0,0.0,0.0
ITC,2025-06-23,1,0.9927,1.0,0.0,0.0
ITC,2025-07-09,1,0.9967,1.0,0.0,0.0
ITC,2025-07-10,3,0.9959000000000001,1.0,0.0,0.0
ITC,2025-07-11,1,0.9979,1.0,0.0,0.0
ITC,2025-07-14,1,0.9947,1.0,0.0,0.0
ITC,2025-07-15,2,0.9958,1.0,0.0,0.0
ITC,2025-07-16,3,0.9935666666666667,1.0,0.0,0.0
ITC,2025-07-17,3,0.9918666666666667,1.0,0.0,0.0
ITC,2025-07-18,1,0.986,1.0,0.0,0.0
ITC,2025-07-21,2,0.9924999999999999,1.0,0.0,0.0
ITC,2025-07-22,1,0.9951,1.0,0.0,0.0
ITC,2025-07-23,2,0.9965999999999999,1.0,0.0,0.0
ITC,2025-07-24,1,0.9735,1.0,0.0,0.0
ITC,2025-07-25,1,0.996,1.0,0.0,0.0
ITC,2025-07-28,4,0.98995,1.0,0.0,0.0
ITC,2025-07-29,1,0.9982,1.0,0.0,0.0
ITC,2025-07-30,2,0.997,1.0,0.0,0.0
ITC,2025-07-31,4,0.9897,1.0,0.0,0.0
ITC,2025-08-01,1,0.9897,1.0,0.0,0.0
ITC,2025-08-04,5,0.9568,1.0,0.0,0.0
ITC,2025-08-05,6,0.9154333333333334,1.0,0.0,0.0
ITC,2025-08-06,3,0.9815666666666667,1.0,0.0,0.0
ITC,2025-08-07,3,0.9945333333333334,1.0,0.0,0.0
ITC,2025-08-08,3,0.9952333333333333,1.0,0.0,0.0
ITC,2025-08-11,3,0.9979333333333334,1.0,0.0,0.0
JSWSTEEL,2025-02-19,1,0.9967,1.0,0.0,0.0
JSWSTEEL,2025-03-06,1,0.9821,1.0,0.0,0.0
JSWSTEEL,2025-03-07,1,0.9819,1.0,0.0,0.0
JSWSTEEL,2025-03-11,2,0.9966999999999999,1.0,0.0,0.0
JSWSTEEL,2025-03-12,1,0.9982,1.0,0.0,0.0
JSWSTEEL,2025-03-18,1,0.8549,1.0,0.0,0.0
JSWSTEEL,2025-03-19,2,0.99525,1.0,0.0,0.0
JSWSTEEL,2025-03-20,1,0.9926,1.0,0.0,0.0
JSWSTEEL,2025-03-24,1,0.9994,1.0,0.0,0.0
JSWSTEEL,2025-04-04,1,-0.8948,0.0,1.0,0.0
JSWSTEEL,2025-04-08,1,-0.9731,0.0,1.0,0.0
JSWSTEEL,2025-04-09,1,-0.912,0.0,1.0,0.0
JSWSTEEL,2025-04-17,1,-0.9899,0.0,1.0,0.0
JSWSTEEL,2025-04-29,1,0.999,1.0,0.0,0.0
JSWSTEEL,2025-05-06,1,0.9991,1.0,0.0,0.0
JSWSTEEL,2025-05-08,1,0.802,1.0,0.0,0.0
JSWSTEEL,2025-05-20,1,0.9993,1.0,0.0,0.0
JSWSTEEL,2025-05-22,1,0.9766,1.0,0.0,0.0
JSWSTEEL,2025-05-26,2,0.90325,1.0,0.0,0.0
JSWSTEEL,2025-05-27,3,0.9897333333333332,1.0,0.0,0.0
JSWSTEEL,2025-05-28,2,-0.12965,0.5,0.5,0.0
JSWSTEEL,2025-06-02,1,-0.5964,0.0,1.0,0.0
JSWSTEEL,2025-06-03,2,0.9629000000000001,1.0,0.0,0.0
JSWSTEEL,2025-06-04,1,0.9842,1.0,0.0,0.0
JSWSTEEL,2025-06-09,1,0.9949,1.0,0.0,0.0
JSWSTEEL,2025-06-23,1,0.9989,1.0,0.0,0.0
JSWSTEEL,2025-06-26,1,0.9902,1.0,0.0,0.0
JSWSTEEL,2025-06-27,1,0.9991,1.0,0.0,0.0
JSWSTEEL,2025-06-30,1,0.9974,1.0,0.0,0.0
JSWSTEEL,2025-07-03,1,0.9866,1.0,0.0,0.0
JSWSTEEL,2025-07-04,1,0.9774,1.0,0.0,0.0
JSWSTEEL,2025-07-09,1,0.9937,1.0,0.0,0.0
JSWSTEEL,2025-07-10,2,0.11499999999999999,0.5,0.5,0.0
JSWSTEEL,2025-07-15,1,0.9545,1.0,0.0,0.0
JSWSTEEL,2025-07-17,1,0.7778,1.0,0.0,0.0
JSWSTEEL,2025-07-18,1,0.8854,1.0,0.0,0.0
JSWSTEEL,2025-07-21,5,0.95656,1.0,0.0,0.0
JSWSTEEL,2025-07-22,4,0.95535,1.0,0.0,0.0
JSWSTEEL,2025-07-24,1,0.9422,1.0,0.0,0.0
JSWSTEEL,2025-07-30,1,0.9911,1.0,0.0,0.0
JSWSTEEL,2025-08-01,1,0.9943,1.0,0.0,0.0
JSWSTEEL,2025-08-04,1,0.9984,1.0,0.0,0.0
JSWSTEEL,2025-08-05,1,0.9432,1.0,0.0,0.0
JSWSTEEL,2025-08-08,1,0.9981,1.0,0.0,0.0
JSWSTEEL,2025-08-11,3,0.8341,1.0,0.0,0.0
KOTAKBANK,2025-02-10,1,0.9993,1.0,0.0,0.0
KOTAKBANK,2025-02-12,1,0.9871,1.0,0.0,0.0
KOTAKBANK,2025-02-14,1,0.9988,1.0,0.0,0.0
KOTAKBANK,2025-02-18,1,0.9915,1.0,0.0,0.0
KOTAKBANK,2025-02-24,2,0.8704000000000001,1.0,0.0,0.0
KOTAKBANK,2025-02-25,1,0.9976,1.0,0.0,0.0
KOTAKBANK,2025-03-06,2,0.95545,1.0,0.0,0.0
KOTAKBANK,2025-03-12,1,-0.93,0.0,1.0,0.0
KOTAKBANK,2025-03-13,1,0.9942,1.0,0.0,0.0
KOTAKBANK,2025-03-17,3,0.9987333333333334,1.0,0.0,0.0
KOTAKBANK,2025-03-19,3,0.996,1.0,0.0,0.0
KOTAKBANK,2025-03-25,2,0.9921,1.0,0.0,0.0
KOTAKBANK,2025-03-28,1,0.981,1.0,0.0,0.0
KOTAKBANK,2025-04-01,1,0.9993,1.0,0.0,0.0
KOTAKBANK,2025-04-09,2,0.99205,1.0,0.0,0.0
KOTAKBANK,2025-04-24,1,0.9951,1.0,0.0,0.0
KOTAKBANK,2025-04-28,2,0.8572500000000001,1.0,0.0,0.0
KOTAKBANK,2025-05-06,6,0.94925,1.0,0.0,0.0
KOTAKBANK,2025-05-07,1,0.9293,1.0,0.0,0.0
KOTAKBANK,2025-05-08,1,0.9965,1.0,0.0,0.0
KOTAKBANK,2025-05-15,1,0.9685,1.0,0.0,0.0
KOTAKBANK,2025-05-16,1,0.9541,1.0,0.0,0.0
KOTAKBANK,2025-06-02,1,0.981,1.0,0.0,0.0
KOTAKBANK,2025-06-16,1,-0.0516,0.0,1.0,0.0
KOTAKBANK,2025-06-18,1,0.9968,1.0,0.0,0.0
KOTAKBANK,2025-06-20,1,0.9953,1.0,0.0,0.0
KOTAKBANK,2025-06-24,1,0.9931,1.0,0.0,0.0
KOTAKBANK,2025-07-04,1,0.8425,1.0,0.0,0.0
KOTAKBANK,2025-07-09,1,0.9941,1.0,0.0,0.0
KOTAKBANK,2025-07-15,1,0.8485,1.0,0.0,0.0
KOTAKBANK,2025-07-17,1,0.9932,1.0,0.0,0.0
KOTAKBANK,2025-07-21,1,0.9147,1.0,0.0,0.0
KOTAKBANK,2025-07-23,1,0.9698,1.0,0.0,0.0
KOTAKBANK,2025-07-28,1,0.9978,1.0,0.0,0.0
KOTAKBANK,2025-07-29,3,0.9910666666666667,1.0,0.0,0.0
KOTAKBANK,2025-07-30,2,0.1099,0.5,0.5,0.0
KOTAKBANK,2025-08-01,1,-0.4404,0.0,1.0,0.0
KOTAKBANK,2025-08-08,1,0.9774,1.0,0.0,0.0
LT,2025-03-04,1,0.9966,1.0,0.0,0.0
LT,2025-04-28,1,0.9975,1.0,0.0,0.0
LT,2025-06-06,1,0.9994,1.0,0.0,0.0
LT,2025-06-10,1,0.9989,1.0,0.0,0.0
LT,2025-07-09,1,0.9981,1.0,0.0,0.0
LT,2025-07-18,3,0.9969,1.0,0.0,0.0
LT,2025-07-21,1,0.9978,1.0,0.0,0.0
LT,2025-07-22,6,0.9914666666666667,1.0,0.0,0.0
LT,2025-07-23,2,0.99315,1.0,0.0,0.0
LT,2025-07-25,2,0.9898,1.0,0.0,0.0
LT,2025-07-28,4,0.99595,1.0,0.0,0.0
LT,2025-07-29,4,0.9940249999999999,1.0,0.0,0.0
LT,2025-07-30,1,0.9744,1.0,0.0,0.0
LT,2025-07-31,3,0.9957333333333334,1.0,0.0,0.0
LT,2025-08-01,1,0.9886,1.0,0.0,0.0
LT,2025-08-04,2,0.98835,1.0,0.0,0.0
LT,2025-08-05,2,0.9951,1.0,0.0,0.0
LT,2025-08-06,1,0.9924,1.0,0.0,0.0
LT,2025-08-07,2,0.99315,1.0,0.0,0.0
LT,2025-08-08,3,0.9946999999999999,1.0,0.0,0.0
LT,2025-08-11,2,0.9964,1.0,0.0,0.0
LT,2025-08-13,1,0.9996,1.0,0.0,0.0
MARUTI,2025-02-25,1,0.9694,1.0,0.0,0.0
MARUTI,2025-03-04,1,0.9984,1.0,0.0,0.0
MARUTI,2025-03-11,1,0.8883,1.0,0.0,0.0
MARUTI,2025-03-12,1,0.9336,1.0,0.0,0.0
MARUTI,2025-03-26,1,0.9962,1.0,0.0,0.0
MARUTI,2025-03-27,2,0.7745500000000001,1.0,0.0,0.0
MARUTI,2025-04-04,1,0.9989,1.0,0.0,0.0
MARUTI,2025-04-07,1,0.9934,1.0,0.0,0.0
MARUTI,2025-04-28,4,0.9742,1.0,0.0,0.0
MARUTI,2025-04-29,5,0.6859999999999999,1.0,0.0,0.0
MARUTI,2025-05-05,4,0.989225,1.0,0.0,0.0
MARUTI,2025-05-08,1,0.9965,1.0,0.0,0.0
MARUTI,2025-05-21,1,0.9888,1.0,0.0,0.0
MARUTI,2025-05-27,1,0.9946,1.0,0.0,0.0
MARUTI,2025-06-03,2,0.995,1.0,0.0,0.0
MARUTI,2025-06-04,2,0.9926999999999999,1.0,0.0,0.0
MARUTI,2025-06-05,1,0.9901,1.0,0.0,0.0
MARUTI,2025-06-09,1,0.9899,1.0,0.0,0.0
MARUTI,2025-06-12,1,0.9982,1.0,0.0,0.0
MARUTI,2025-06-13,1,0.9992,1.0,0.0,0.0
MARUTI,2025-06-24,1,0.9885,1.0,0.0,0.0
MARUTI,2025-07-02,1,0.9919,1.0,0.0,0.0
MARUTI,2025-07-03,1,0.9989,1.0,0.0,0.0
MARUTI,2025-07-04,1,0.9958,1.0,0.0,0.0
MARUTI,2025-07-08,1,-0.5405,0.0,1.0,0.0
MARUTI,2025-07-17,1,0.998,1.0,0.0,0.0
MARUTI,2025-07-18,1,0.9958,1.0,0.0,0.0
MARUTI,2025-08-01,1,1.0,1.0,0.0,0.0
MARUTI,2025-08-04,2,0.98125,1.0,0.0,0.0
MARUTI,2025-08-05,2,0.982,1.0,0.0,0.0
MARUTI,2025-08-06,1,0.9668,1.0,0.0,0.0
MARUTI,2025-08-13,1,0.9963,1.0,0.0,0.0
NESTLEIND,2025-02-13,1,0.9926,1.0,0.0,0.0
NESTLEIND,2025-02-27,2,0.9390000000000001,1.0,0.0,0.0
NESTLEIND,2025-02-28,1,0.9996,1.0,0.0,0.0
NESTLEIND,2025-03-12,1,0.9982,1.0,0.0,0.0
NESTLEIND,2025-04-03,1,0.8513999999999999,1.0,0.0,0.0
NESTLEIND,2025-04-07,1,0.9982,1.0,0.0,0.0
NESTLEIND,2025-04-11,2,0.9906999999999999,1.0,0.0,0.0
NESTLEIND,2025-04-21,1,0.9995,1.0,0.0,0.0
NESTLEIND,2025-04-23,1,0.9419,1.0,0.0,0.0
NESTLEIND,2025-04-25,3,0.9860000000000001,1.0,0.0,0.0
NESTLEIND,2025-04-28,4,0.8906,1.0,0.0,0.0
NESTLEIND,2025-05-09,1,0.9682,1.0,0.0,0.0
NESTLEIND,2025-05-26,2,0.9872000000000001,1.0,0.0,0.0
NESTLEIND,2025-05-28,1,0.9949,1.0,0.0,0.0
NESTLEIND,2025-06-04,1,0.8903,1.0,0.0,0.0
NESTLEIND,2025-06-13,1,0.8309,1.0,0.0,0.0
NESTLEIND,2025-06-20,1,0.9719,1.0,0.0,0.0
NESTLEIND,2025-06-23,2,0.96595,1.0,0.0,0.0
NESTLEIND,2025-06-27,1,0.9994,1.0,0.0,0.0
NESTLEIND,2025-07-04,1,0.9954,1.0,0.0,0.0
NESTLEIND,2025-07-17,1,0.9969,1.0,0.0,0.0
NESTLEIND,2025-07-23,1,0.9632,1.0,0.0,0.0
NESTLEIND,2025-07-25,5,0.58536,0.8,0.2,0.0
NESTLEIND,2025-07-28,2,0.5077,0.5,0.0,0.5
NESTLEIND,2025-07-29,2,0.8795999999999999,1.0,0.0,0.0
NESTLEIND,2025-08-06,1,0.7425,1.0,0.0,0.0
NESTLEIND,2025-08-11,1,0.9899,1.0,0.0,0.0
NTPC,2025-02-12,1,0.1901,1.0,0.0,0.0
NTPC,2025-02-14,1,0.9988,1.0,0.0,0.0
NTPC,2025-02-19,1,0.9792,1.0,0.0,0.0
NTPC,2025-02-21,2,0.9922,1.0,0.0,0.0
NTPC,2025-02-24,1,0.9988,1.0,0.0,0.0
NTPC,2025-02-25,2,0.9983,1.0,0.0,0.0
NTPC,2025-02-27,1,0.9906,1.0,0.0,0.0
NTPC,2025-03-06,1,0.9991,1.0,0.0,0.0
NTPC,2025-03-07,1,0.9947,1.0,0.0,0.0
NTPC,2025-03-10,1,0.9995,1.0,0.0,0.0
NTPC,2025-03-11,1,0.9371,1.0,0.0,0.0
NTPC,2025-03-12,1,0.9985,1.0,0.0,0.0
NTPC,2025-03-13,1,0.9978,1.0,0.0,0.0
NTPC,2025-03-17,1,0.9986,1.0,0.0,0.0
NTPC,2025-03-25,1,0.9919,1.0,0.0,0.0
NTPC,2025-03-27,1,0.9992,1.0,0.0,0.0
NTPC,2025-03-28,1,0.9992,1.0,0.0,0.0
NTPC,2025-04-02,1,0.918,1.0,0.0,0.0
NTPC,2025-04-11,1,0.9978,1.0,0.0,0.0
NTPC,2025-04-21,1,0.9998,1.0,0.0,0.0
NTPC,2025-05-06,1,0.9991,1.0,0.0,0.0
NTPC,2025-05-22,1,0.9826,1.0,0.0,0.0
NTPC,2025-05-23,2,0.9916,1.0,0.0,0.0
NTPC,2025-05-26,1,0.99,1.0,0.0,0.0
NTPC,2025-05-27,4,0.9657,1.0,0.0,0.0
NTPC,2025-05-28,1,0.9985,1.0,0.0,0.0
NTPC,2025-06-03,1,0.9835,1.0,0.0,0.0
NTPC,2025-06-06,1,0.9962,1.0,0.0,0.0
NTPC,2025-06-09,1,0.9987,1.0,0.0,0.0
NTPC,2025-06-13,2,0.9978499999999999,1.0,0.0,0.0
NTPC,2025-06-17,1,0.9993,1.0,0.0,0.0
NTPC,2025-06-18,4,0.763625,1.0,0.0,0.0
NTPC,2025-06-23,2,0.99465,1.0,0.0,0.0
NTPC,2025-06-30,1,0.9992,1.0,0.0,0.0
NTPC,2025-07-01,1,0.9979,1.0,0.0,0.0
NTPC,2025-07-14,1,0.9986,1.0,0.0,0.0
NTPC,2025-07-15,1,0.9989,1.0,0.0,0.0
NTPC,2025-07-17,1,0.9259,1.0,0.0,0.0
NTPC,2025-07-21,1,0.296,1.0,0.0,0.0
NTPC,2025-07-28,1,0.9982,1.0,0.0,0.0
NTPC,2025-07-29,1,0.9982,1.0,0.0,0.0
NTPC,2025-07-30,4,0.9898,1.0,0.0,0.0
NTPC,2025-07-31,3,0.9868,1.0,0.0,0.0
NTPC,2025-08-01,1,0.9231,1.0,0.0,0.0
NTPC,2025-08-08,1,0.9814,1.0,0.0,0.0
NTPC,2025-08-11,1,0.9955,1.0,0.0,0.0
NTPC,2025-08-21,1,0.9974,1.0,0.0,0.0
ONGC,2025-03-03,1,-0.9572,0.0,1.0,0.0
ONGC,2025-04-01,1,0.9674,1.0,0.0,0.0
ONGC,2025-04-02,1,0.984,1.0,0.0,0.0
ONGC,2025-05-06,1,0.9973,1.0,0.0,0.0
ONGC,2025-05-19,1,0.9995,1.0,0.0,0.0
ONGC,2025-05-22,1,0.4815,1.0,0.0,0.0
ONGC,2025-05-23,3,0.9732,1.0,0.0,0.0
ONGC,2025-06-16,1,-0.9638,0.0,1.0,0.0
ONGC,2025-06-17,1,-0.8309,0.0,1.0,0.0
ONGC,2025-06-20,1,-0.9965,0.0,1.0,0.0
ONGC,2025-06-24,1,-0.4084,0.0,1.0,0.0
ONGC,2025-06-25,3,0.9273333333333333,1.0,0.0,0.0
ONGC,2025-06-26,1,0.9838,1.0,0.0,0.0
ONGC,2025-07-08,1,0.9749,1.0,0.0,0.0
ONGC,2025-08-04,1,0.9931,1.0,0.0,0.0
POWERGRID,2025-02-11,1,0.9186,1.0,0.0,0.0
POWERGRID,2025-02-18,1,0.9846,1.0,0.0,0.0
POWERGRID,2025-03-06,1,0.9987,1.0,0.0,0.0
POWERGRID,2025-03-10,1,0.998,1.0,0.0,0.0
POWERGRID,2025-03-24,1,0.999,1.0,0.0,0.0
POWERGRID,2025-03-27,1,0.9993,1.0,0.0,0.0
POWERGRID,2025-04-02,1,0.9998,1.0,0.0,0.0
POWERGRID,2025-04-03,2,0.9606,1.0,0.0,0.0
POWERGRID,2025-04-15,1,0.9938,1.0,0.0,0.0
POWERGRID,2025-04-21,1,0.9998,1.0,0.0,0.0
POWERGRID,2025-04-28,1,0.9975,1.0,0.0,0.0
POWERGRID,2025-05-05,1,0.9955,1.0,0.0,0.0
POWERGRID,2025-05-19,1,0.9971,1.0,0.0,0.0
POWERGRID,2025-05-21,4,0.987325,1.0,0.0,0.0
POWERGRID,2025-05-23,2,0.8376,1.0,0.0,0.0
POWERGRID,2025-05-26,1,0.7096,1.0,0.0,0.0
POWERGRID,2025-06-06,2,0.9978,1.0,0.0,0.0
POWERGRID,2025-06-09,1,0.9987,1.0,0.0,0.0
POWERGRID,2025-06-16,1,0.992,1.0,0.0,0.0
POWERGRID,2025-06-18,1,0.0754,1.0,0.0,0.0
POWERGRID,2025-06-27,1,0.9943,1.0,0.0,0.0
POWERGRID,2025-07-10,1,0.9961,1.0,0.0,0.0
POWERGRID,2025-07-29,1,0.9943,1.0,0.0,0.0
POWERGRID,2025-08-01,2,0.98035,1.0,0.0,0.0
POWERGRID,2025-08-06,2,0.9364,1.0,0.0,0.0
RELIANCE,2025-03-03,1,-0.9572,0.0,1.0,0.0
RELIANCE,2025-03-10,1,0.9988,1.0,0.0,0.0
RELIANCE,2025-03-12,1,0.9982,1.0,0.0,0.0
RELIANCE,2025-03-13,1,0.9978,1.0,0.0,0.0
RELIANCE,2025-03-24,1,0.999,1.0,0.0,0.0
RELIANCE,2025-04-01,1,0.9661,1.0,0.0,0.0
RELIANCE,2025-04-03,1,0.9948,1.0,0.0,0.0
RELIANCE,2025-04-04,1,0.9989,1.0,0.0,0.0
RELIANCE,2025-04-07,1,0.9902,1.0,0.0,0.0
RELIANCE,2025-04-24,1,0.9509,1.0,0.0,0.0
RELIANCE,2025-04-28,3,0.9955333333333334,1.0,0.0,0.0
RELIANCE,2025-04-29,4,0.9886250000000001,1.0,0.0,0.0
RELIANCE,2025-04-30,2,0.99255,1.0,0.0,0.0
RELIANCE,2025-05-06,1,0.9977,1.0,0.0,0.0
RELIANCE,2025-05-07,2,0.984,1.0,0.0,0.0
RELIANCE,2025-05-09,1,0.9979,1.0,0.0,0.0
RELIANCE,2025-05-13,1,0.9842,1.0,0.0,0.0
RELIANCE,2025-06-02,1,0.9952,1.0,0.0,0.0
RELIANCE,2025-06-03,2,0.9977499999999999,1.0,0.0,0.0
RELIANCE,2025-06-05,1,0.9966,1.0,0.0,0.0
RELIANCE,2025-06-06,1,0.9948,1.0,0.0,0.0
RELIANCE,2025-06-12,2,0.9962,1.0,0.0,0.0
RELIANCE,2025-06-13,1,0.9118,1.0,0.0,0.0
RELIANCE,2025-06-18,1,0.8753,1.0,0.0,0.0
RELIANCE,2025-06-26,5,0.9800000000000001,1.0,0.0,0.0
RELIANCE,2025-06-30,1,0.9994,1.0,0.0,0.0
RELIANCE,2025-07-01,1,0.9979,1.0,0.0,0.0
RELIANCE,2025-07-02,1,0.987,1.0,0.0,0.0
RELIANCE,2025-07-07,1,0.9978,1.0,0.0,0.0
RELIANCE,2025-07-21,5,0.98652,1.0,0.0,0.0
RELIANCE,2025-07-22,3,0.9937333333333332,1.0,0.0,0.0
RELIANCE,2025-07-25,1,0.9991,1.0,0.0,0.0
RELIANCE,2025-07-28,1,0.2577,1.0,0.0,0.0
RELIANCE,2025-08-08,2,0.5431,1.0,0.0,0.0
RELIANCE,2025-08-11,1,0.9998,1.0,0.0,0.0
RELIANCE,2025-08-20,1,0.998,1.0,0.0,0.0
SBIN,2025-02-12,1,0.9871,1.0,0.0,0.0
SBIN,2025-02-13,2,0.98445,1.0,0.0,0.0
SBIN,2025-02-14,2,0.99305,1.0,0.0,0.0
SBIN,2025-02-18,1,0.9915,1.0,0.0,0.0
SBIN,2025-02-19,1,0.9975,1.0,0.0,0.0
SBIN,2025-02-24,2,0.8573,1.0,0.0,0.0
SBIN,2025-02-25,1,0.6069,1.0,0.0,0.0
SBIN,2025-02-27,1,0.9906,1.0,0.0,0.0
SBIN,2025-03-03,1,0.9968,1.0,0.0,0.0
SBIN,2025-03-05,1,0.9705,1.0,0.0,0.0
SBIN,2025-03-06,1,0.9991,1.0,0.0,0.0
SBIN,2025-03-10,1,0.9979,1.0,0.0,0.0
SBIN,2025-03-13,1,0.9942,1.0,0.0,0.0
SBIN,2025-03-17,1,0.9983,1.0,0.0,0.0
SBIN,2025-03-19,1,0.9967,1.0,0.0,0.0
SBIN,2025-03-20,1,0.9966,1.0,0.0,0.0
SBIN,2025-03-24,2,0.9993,1.0,0.0,0.0
SBIN,2025-03-25,1,0.997,1.0,0.0,0.0
SBIN,2025-04-01,2,0.99935,1.0,0.0,0.0
SBIN,2025-04-02,1,0.9978,1.0,0.0,0.0
SBIN,2025-04-07,3,0.9992,1.0,0.0,0.0
SBIN,2025-04-08,2,0.7478499999999999,1.0,0.0,0.0
SBIN,2025-04-09,1,0.8535,1.0,0.0,0.0
SBIN,2025-04-11,2,0.9984500000000001,1.0,0.0,0.0
SBIN,2025-04-15,1,0.9938,1.0,0.0,0.0
SBIN,2025-04-17,1,0.9925,1.0,0.0,0.0
SBIN,2025-04-21,3,0.9980333333333333,1.0,0.0,0.0
SBIN,2025-04-23,1,0.9974,1.0,0.0,0.0
SBIN,2025-04-24,1,0.9951,1.0,0.0,0.0
SBIN,2025-04-28,7,0.9489142857142857,1.0,0.0,0.0
SBIN,2025-04-29,1,0.9904,1.0,0.0,0.0
SBIN,2025-05-02,1,0.9989,1.0,0.0,0.0
SBIN,2025-05-05,2,0.9998,1.0,0.0,0.0
SBIN,2025-05-06,6,0.9523166666666666,1.0,0.0,0.0
SBIN,2025-05-07,3,0.9545333333333333,1.0,0.0,0.0
SBIN,2025-05-08,1,0.9868,1.0,0.0,0.0
SBIN,2025-05-12,3,0.9936333333333334,1.0,0.0,0.0
SBIN,2025-05-13,1,0.9959,1.0,0.0,0.0
SBIN,2025-05-15,1,0.9685,1.0,0.0,0.0
SBIN,2025-05-16,4,0.98225,1.0,0.0,0.0
SBIN,2025-05-19,1,0.9997,1.0,0.0,0.0
SBIN,2025-05-21,2,0.24704999999999996,0.5,0.5,0.0
SBIN,2025-05-28,1,0.998,1.0,0.0,0.0
SBIN,2025-06-03,2,0.9916,1.0,0.0,0.0
SBIN,2025-06-05,1,0.9979,1.0,0.0,0.0
SBIN,2025-06-09,3,0.9867,1.0,0.0,0.0
SBIN,2025-06-10,1,0.995,1.0,0.0,0.0
SBIN,2025-06-16,1,0.9986,1.0,0.0,0.0
SBIN,2025-06-17,1,0.9962,1.0,0.0,0.0
SBIN,2025-06-19,1,0.9952,1.0,0.0,0.0
SBIN,2025-06-23,1,0.9997,1.0,0.0,0.0
SBIN,2025-06-27,2,0.99685,1.0,0.0,0.0
SBIN,2025-06-30,3,0.9843000000000001,1.0,0.0,0.0
SBIN,2025-07-02,2,0.99555,1.0,0.0,0.0
SBIN,2025-07-03,1,0.9989,1.0,0.0,0.0
SBIN,2025-07-08,1,0.9992,1.0,0.0,0.0
SBIN,2025-07-14,3,0.9924333333333334,1.0,0.0,0.0
SBIN,2025-07-15,1,0.9795,1.0,0.0,0.0
SBIN,2025-07-17,5,0.97704,1.0,0.0,0.0
SBIN,2025-07-18,3,0.9936333333333334,1.0,0.0,0.0
SBIN,2025-07-21,2,0.92605,1.0,0.0,0.0
SBIN,2025-07-22,1,0.9996,1.0,0.0,0.0
SBIN,2025-07-23,1,0.9975,1.0,0.0,0.0
SBIN,2025-07-25,1,0.9954,1.0,0.0,0.0
SBIN,2025-07-28,3,0.9901,1.0,0.0,0.0
SBIN,2025-07-29,2,0.96645,1.0,0.0,0.0
SBIN,2025-07-30,2,0.9943,1.0,0.0,0.0
SBIN,2025-07-31,1,0.9975,1.0,0.0,0.0
SBIN,2025-08-01,1,-0.4404,0.0,1.0,0.0
SBIN,2025-08-05,1,0.9758,1.0,0.0,0.0
SBIN,2025-08-07,1,0.9987,1.0,0.0,0.0
SBIN,2025-08-11,2,0.9904,1.0,0.0,0.0
SBIN,2025-08-19,1,0.9998,1.0,0.0,0.0
SHREECEM,2025-02-27,1,0.9906,1.0,0.0,0.0
SHREECEM,2025-03-26,1,0.9962,1.0,0.0,0.0
SUNPHARMA,2025-03-05,1,0.9596,1.0,0.0,0.0
SUNPHARMA,2025-03-28,1,0.6772,1.0,0.0,0.0
SUNPHARMA,2025-04-02,2,0.0040000000000000036,0.5,0.5,0.0
SUNPHARMA,2025-04-04,1,0.875,1.0,0.0,0.0
SUNPHARMA,2025-04-15,3,0.9512333333333333,1.0,0.0,0.0
SUNPHARMA,2025-04-23,1,0.9974,1.0,0.0,0.0
SUNPHARMA,2025-05-14,2,0.7563500000000001,1.0,0.0,0.0
SUNPHARMA,2025-05-20,1,0.9993,1.0,0.0,0.0
SUNPHARMA,2025-05-23,2,0.98805,1.0,0.0,0.0
SUNPHARMA,2025-05-26,3,0.8967666666666667,1.0,0.0,0.0
SUNPHARMA,2025-06-02,1,0.9861,1.0,0.0,0.0
SUNPHARMA,2025-06-06,1,0.9938,1.0,0.0,0.0
SUNPHARMA,2025-06-13,1,0.9932,1.0,0.0,0.0
SUNPHARMA,2025-06-17,1,0.9654,1.0,0.0,0.0
SUNPHARMA,2025-06-18,1,-0.2782,0.0,1.0,0.0
SUNPHARMA,2025-06-19,1,0.9912,1.0,0.0,0.0
SUNPHARMA,2025-07-04,1,0.9958,1.0,0.0,0.0
SUNPHARMA,2025-07-09,1,0.9928,1.0,0.0,0.0
SUNPHARMA,2025-07-15,3,0.9488,1.0,0.0,0.0
SUNPHARMA,2025-07-16,2,0.997,1.0,0.0,0.0
SUNPHARMA,2025-07-18,1,0.946,1.0,0.0,0.0
SUNPHARMA,2025-07-28,1,0.9977,1.0,0.0,0.0
SUNPHARMA,2025-08-01,1,0.9783,1.0,0.0,0.0
SUNPHARMA,2025-08-04,3,0.45726666666666665,0.6666666666666666,0.3333333333333333,0.0
SUNPHARMA,2025-08-05,2,0.97185,1.0,0.0,0.0
TATASTEEL,2025-02-11,1,0.9186,1.0,0.0,0.0
TATASTEEL,2025-02-14,1,0.9751,1.0,0.0,0.0
TATASTEEL,2025-02-19,1,0.9792,1.0,0.0,0.0
TATASTEEL,2025-02-20,1,0.9947,1.0,0.0,0.0
TATASTEEL,2025-02-24,3,0.9957333333333334,1.0,0.0,0.0
TATASTEEL,2025-02-25,2,0.994,1.0,0.0,0.0
TATASTEEL,2025-03-06,2,0.98805,1.0,0.0,0.0
TATASTEEL,2025-03-07,1,0.9819,1.0,0.0,0.0
TATASTEEL,2025-03-11,1,0.9944,1.0,0.0,0.0
TATASTEEL,2025-03-17,1,0.9986,1.0,0.0,0.0
TATASTEEL,2025-03-18,1,0.8549,1.0,0.0,0.0
TATASTEEL,2025-03-19,1,0.9944,1.0,0.0,0.0
TATASTEEL,2025-03-20,1,0.9926,1.0,0.0,0.0
TATASTEEL,2025-04-01,1,0.9982,1.0,0.0,0.0
TATASTEEL,2025-04-03,1,0.9966,1.0,0.0,0.0
TATASTEEL,2025-04-07,1,-0.9898,0.0,1.0,0.0
TATASTEEL,2025-04-08,2,0.012250000000000039,0.5,0.5,0.0
TATASTEEL,2025-04-09,1,-0.912,0.0,1.0,0.0
TATASTEEL,2025-04-15,4,0.91735,1.0,0.0,0.0
TATASTEEL,2025-04-16,2,0.69735,1.0,0.0,0.0
TATASTEEL,2025-04-21,1,0.9985,1.0,0.0,0.0
TATASTEEL,2025-05-06,1,0.9991,1.0,0.0,0.0
TATASTEEL,2025-05-13,1,0.9971,1.0,0.0,0.0
TATASTEEL,2025-05-14,3,0.9857666666666667,1.0,0.0,0.0
TATASTEEL,2025-05-15,2,0.9752000000000001,1.0,0.0,0.0
TATASTEEL,2025-05-16,1,0.9854,1.0,0.0,0.0
TATASTEEL,2025-05-19,1,0.6808,1.0,0.0,0.0
TATASTEEL,2025-05-21,1,0.9847,1.0,0.0,0.0
TATASTEEL,2025-05-26,1,0.9987,1.0,0.0,0.0
TATASTEEL,2025-05-28,1,-0.6808,0.0,1.0,0.0
TATASTEEL,2025-05-29,1,0.9978,1.0,0.0,0.0
TATASTEEL,2025-06-02,1,-0.5964,0.0,1.0,0.0
TATASTEEL,2025-06-03,2,0.9707,1.0,0.0,0.0
TATASTEEL,2025-06-05,1,0.9948,1.0,0.0,0.0
TATASTEEL,2025-06-09,2,0.9846,1.0,0.0,0.0
TATASTEEL,2025-06-19,1,0.9983,1.0,0.0,0.0
TATASTEEL,2025-06-20,1,0.5071,1.0,0.0,0.0
TATASTEEL,2025-06-27,2,0.9924999999999999,1.0,0.0,0.0
TATASTEEL,2025-06-30,1,0.9974,1.0,0.0,0.0
TATASTEEL,2025-07-04,1,0.9774,1.0,0.0,0.0
TATASTEEL,2025-07-08,1,0.9993,1.0,0.0,0.0
TATASTEEL,2025-07-09,1,0.8836,1.0,0.0,0.0
TATASTEEL,2025-07-10,2,0.11499999999999999,0.5,0.5,0.0
TATASTEEL,2025-07-15,1,0.9859,1.0,0.0,0.0
TATASTEEL,2025-07-17,1,0.7778,1.0,0.0,0.0
TATASTEEL,2025-07-22,1,0.97,1.0,0.0,0.0
TATASTEEL,2025-07-24,1,0.9729,1.0,0.0,0.0
TATASTEEL,2025-07-31,1,0.9921,1.0,0.0,0.0
TATASTEEL,2025-08-01,3,0.9857,1.0,0.0,0.0
TATASTEEL,2025-08-04,2,0.84605,1.0,0.0,0.0
TATASTEEL,2025-08-05,1,0.8979,1.0,0.0,0.0
TATASTEEL,2025-08-11,1,0.5256,1.0,0.0,0.0
TCS,2025-02-17,1,0.9985,1.0,0.0,0.0
TCS,2025-02-25,1,0.989,1.0,0.0,0.0
TCS,2025-03-05,1,0.9596,1.0,0.0,0.0
TCS,2025-03-07,1,0.9983,1.0,0.0,0.0
TCS,2025-03-10,1,0.998,1.0,0.0,0.0
TCS,2025-03-13,1,0.9978,1.0,0.0,0.0
TCS,2025-03-24,1,0.9989,1.0,0.0,0.0
TCS,2025-04-11,1,0.8523,1.0,0.0,0.0
TCS,2025-04-15,1,0.9985,1.0,0.0,0.0
TCS,2025-04-17,1,0.9973,1.0,0.0,0.0
TCS,2025-04-22,1,0.9986,1.0,0.0,0.0
TCS,2025-04-30,1,0.9937,1.0,0.0,0.0
TCS,2025-05-23,1,0.2944,1.0,0.0,0.0
TCS,2025-05-28,1,0.3804,1.0,0.0,0.0
TCS,2025-05-30,1,0.9756,1.0,0.0,0.0
TCS,2025-06-11,1,0.9947,1.0,0.0,0.0
TCS,2025-06-13,1,-0.9061,0.0,1.0,0.0
TCS,2025-06-17,1,0.9855,1.0,0.0,0.0
TCS,2025-06-18,2,0.9977,1.0,0.0,0.0
TCS,2025-06-19,1,0.9869,1.0,0.0,0.0
TCS,2025-06-24,1,0.9987,1.0,0.0,0.0
TCS,2025-06-26,1,0.9754,1.0,0.0,0.0
TCS,2025-06-30,1,0.9864,1.0,0.0,0.0
TCS,2025-07-08,1,-0.5405,0.0,1.0,0.0
TCS,2025-07-10,1,0.951,1.0,0.0,0.0
TCS,2025-07-11,1,0.9968,1.0,0.0,0.0
TCS,2025-07-14,3,0.8833666666666667,1.0,0.0,0.0
TCS,2025-07-15,7,0.7062714285714286,0.8571428571428571,0.14285714285714285,0.0
TCS,2025-07-16,3,0.9971333333333333,1.0,0.0,0.0
TCS,2025-07-17,3,0.9967,1.0,0.0,0.0
TCS,2025-07-18,2,0.95705,1.0,0.0,0.0
TCS,2025-07-21,2,0.9923,1.0,0.0,0.0
TCS,2025-07-22,2,0.9961,1.0,0.0,0.0
TCS,2025-07-23,2,0.9976499999999999,1.0,0.0,0.0
TCS,2025-07-24,1,0.9912,1.0,0.0,0.0
TCS,2025-07-25,1,0.9957,1.0,0.0,0.0
TCS,2025-07-28,3,0.9984333333333334,1.0,0.0,0.0
TCS,2025-07-29,7,0.9090857142857143,1.0,0.0,0.0
TCS,2025-07-30,4,0.993075,1.0,0.0,0.0
TCS,2025-07-31,2,0.92245,1.0,0.0,0.0
TCS,2025-08-01,2,0.9923,1.0,0.0,0.0
TCS,2025-08-04,2,0.995,1.0,0.0,0.0
TCS,2025-08-05,1,0.9979,1.0,0.0,0.0
TCS,2025-08-06,2,0.8733,1.0,0.0,0.0
TCS,2025-08-07,2,0.97815,1.0,0.0,0.0
TCS,2025-08-08,3,0.8734000000000001,1.0,0.0,0.0
TCS,2025-08-11,3,0.9977333333333332,1.0,0.0,0.0
TECHM,2025-02-19,2,0.98795,1.0,0.0,0.0
TECHM,2025-03-27,1,0.9979,1.0,0.0,0.0
TECHM,2025-04-28,7,0.8009142857142857,0.8571428571428571,0.14285714285714285,0.0
TECHM,2025-04-30,1,0.1027,1.0,0.0,0.0
TECHM,2025-05-08,1,0.9965,1.0,0.0,0.0
TECHM,2025-05-14,1,0.9915,1.0,0.0,0.0
TECHM,2025-05-19,1,0.9989,1.0,0.0,0.0
TECHM,2025-05-23,1,0.2944,1.0,0.0,0.0
TECHM,2025-05-28,1,0.3804,1.0,0.0,0.0
TECHM,2025-06-04,1,0.9852,1.0,0.0,0.0
TECHM,2025-06-05,1,0.9864,1.0,0.0,0.0
TECHM,2025-06-11,2,0.9936,1.0,0.0,0.0
TECHM,2025-06-12,1,0.9925,1.0,0.0,0.0
TECHM,2025-06-16,1,0.9986,1.0,0.0,0.0
TECHM,2025-06-17,1,0.9855,1.0,0.0,0.0
TECHM,2025-06-19,1,0.9869,1.0,0.0,0.0
TECHM,2025-06-20,1,0.9566,1.0,0.0,0.0
TECHM,2025-07-08,1,-0.5405,0.0,1.0,0.0
TECHM,2025-07-09,1,0.9962,1.0,0.0,0.0
TECHM,2025-07-15,2,0.003500000000000003,0.5,0.5,0.0
TECHM,2025-07-17,2,0.93255,1.0,0.0,0.0
TECHM,2025-07-18,5,0.72812,0.8,0.2,0.0
TECHM,2025-07-21,2,0.82955,1.0,0.0,0.0
TECHM,2025-07-28,1,0.9995,1.0,0.0,0.0
TECHM,2025-08-06,1,0.876,1.0,0.0,0.0
TECHM,2025-08-07,1,0.9966,1.0,0.0,0.0
TECHM,2025-08-12,1,0.999,1.0,0.0,0.0
TITAN,2025-02-11,2,0.9507,1.0,0.0,0.0
TITAN,2025-02-19,1,0.6808,1.0,0.0,0.0
TITAN,2025-03-05,1,0.9136,1.0,0.0,0.0
TITAN,2025-03-07,1,0.984,1.0,0.0,0.0
TITAN,2025-03-24,1,0.9994,1.0,0.0,0.0
TITAN,2025-03-27,1,0.9993,1.0,0.0,0.0
TITAN,2025-04-04,1,0.9666,1.0,0.0,0.0
TITAN,2025-04-09,1,0.9957,1.0,0.0,0.0
TITAN,2025-05-08,1,0.9798,1.0,0.0,0.0
TITAN,2025-05-09,4,0.9881249999999999,1.0,0.0,0.0
TITAN,2025-05-12,4,0.990575,1.0,0.0,0.0
TITAN,2025-05-19,1,0.9371,1.0,0.0,0.0
TITAN,2025-05-20,1,0.9371,1.0,0.0,0.0
TITAN,2025-06-16,1,0.9983,1.0,0.0,0.0
TITAN,2025-06-26,1,0.9931,1.0,0.0,0.0
TITAN,2025-06-27,1,0.9977,1.0,0.0,0.0
TITAN,2025-07-08,1,0.9987,1.0,0.0,0.0
TITAN,2025-07-09,3,0.9485666666666667,1.0,0.0,0.0
TITAN,2025-07-18,1,0.9851,1.0,0.0,0.0
TITAN,2025-07-22,3,0.9800333333333334,1.0,0.0,0.0
TITAN,2025-07-23,2,0.99385,1.0,0.0,0.0
TITAN,2025-07-30,1,0.9633,1.0,0.0,0.0
TITAN,2025-08-07,1,0.9877,1.0,0.0,0.0
TITAN,2025-08-08,1,1.0,1.0,0.0,0.0
TITAN,2025-08-11,4,0.985275,1.0,0.0,0.0
TITAN,2025-08-13,1,0.9996,1.0,0.0,0.0
TITAN,2025-08-19,1,0.9998,1.0,0.0,0.0
TITAN,2025-08-22,1,0.9986,1.0,0.0,0.0
ULTRACEMCO,2025-02-17,1,0.9985,1.0,0.0,0.0
ULTRACEMCO,2025-02-19,2,0.91035,1.0,0.0,0.0
ULTRACEMCO,2025-02-28,1,0.998,1.0,0.0,0.0
ULTRACEMCO,2025-03-04,2,0.0009000000000000119,0.5,0.5,0.0
ULTRACEMCO,2025-03-05,1,0.9231,1.0,0.0,0.0
ULTRACEMCO,2025-03-26,1,1.0,1.0,0.0,0.0
ULTRACEMCO,2025-03-27,1,0.9979,1.0,0.0,0.0
ULTRACEMCO,2025-04-01,1,0.9994,1.0,0.0,0.0
ULTRACEMCO,2025-04-02,1,0.975,1.0,0.0,0.0
ULTRACEMCO,2025-04-07,1,0.9982,1.0,0.0,0.0
ULTRACEMCO,2025-04-08,1,0.9942,1.0,0.0,0.0
ULTRACEMCO,2025-04-21,1,0.9985,1.0,0.0,0.0
ULTRACEMCO,2025-04-25,1,0.9956,1.0,0.0,0.0
ULTRACEMCO,2025-04-28,1,0.999,1.0,0.0,0.0
ULTRACEMCO,2025-04-29,3,0.9956666666666667,1.0,0.0,0.0
ULTRACEMCO,2025-04-30,4,0.9634,1.0,0.0,0.0
ULTRACEMCO,2025-05-02,2,0.95825,1.0,0.0,0.0
ULTRACEMCO,2025-05-05,2,0.98125,1.0,0.0,0.0
ULTRACEMCO,2025-05-19,1,0.9995,1.0,0.0,0.0
ULTRACEMCO,2025-06-03,1,0.9597,1.0,0.0,0.0
ULTRACEMCO,2025-06-04,1,0.9251,1.0,0.0,0.0
ULTRACEMCO,2025-06-05,1,0.9873,1.0,0.0,0.0
ULTRACEMCO,2025-06-11,1,0.9954,1.0,0.0,0.0
ULTRACEMCO,2025-06-26,1,0.9838,1.0,0.0,0.0
ULTRACEMCO,2025-06-27,1,0.9974,1.0,0.0,0.0
ULTRACEMCO,2025-06-30,1,0.9992,1.0,0.0,0.0
ULTRACEMCO,2025-07-03,1,0.9866,1.0,0.0,0.0
ULTRACEMCO,2025-07-08,2,0.999,1.0,0.0,0.0
ULTRACEMCO,2025-07-11,2,0.9962,1.0,0.0,0.0
ULTRACEMCO,2025-07-21,1,0.9982,1.0,0.0,0.0
ULTRACEMCO,2025-07-22,3,0.9756666666666667,1.0,0.0,0.0
ULTRACEMCO,2025-07-23,5,0.97956,1.0,0.0,0.0
ULTRACEMCO,2025-07-24,2,0.91795,1.0,0.0,0.0
ULTRACEMCO,2025-07-28,1,0.9403,1.0,0.0,0.0
ULTRACEMCO,2025-08-22,1,0.9986,1.0,0.0,0.0
UPL,2025-02-14,1,0.9991,1.0,0.0,0.0
UPL,2025-02-27,1,0.9906,1.0,0.0,0.0
UPL,2025-03-28,1,0.9985,1.0,0.0,0.0
UPL,2025-04-25,1,0.9956,1.0,0.0,0.0
UPL,2025-05-05,1,0.9966,1.0,0.0,0.0
UPL,2025-05-13,1,0.9969,1.0,0.0,0.0
UPL,2025-06-10,1,0.9969,1.0,0.0,0.0
UPL,2025-07-22,1,0.9996,1.0,0.0,0.0
UPL,2025-07-30,1,0.9975,1.0,0.0,0.0
VEDL,2025-02-24,1,0.9607,1.0,0.0,0.0
VEDL,2025-02-25,2,0.9883500000000001,1.0,0.0,0.0
VEDL,2025-02-27,1,-0.6322,0.0,1.0,0.0
VEDL,2025-03-07,1,0.9819,1.0,0.0,0.0
VEDL,2025-03-11,1,0.9944,1.0,0.0,0.0
VEDL,2025-03-18,1,0.8549,1.0,0.0,0.0
VEDL,2025-03-19,1,0.9944,1.0,0.0,0.0
VEDL,2025-03-27,1,0.9746,1.0,0.0,0.0
VEDL,2025-03-28,1,0.9985,1.0,0.0,0.0
VEDL,2025-04-02,1,0.9998,1.0,0.0,0.0
VEDL,2025-04-04,1,-0.8948,0.0,1.0,0.0
VEDL,2025-04-07,2,0.0041999999999999815,0.5,0.5,0.0
VEDL,2025-04-08,1,-0.9731,0.0,1.0,0.0
VEDL,2025-04-15,1,0.7845,1.0,0.0,0.0
VEDL,2025-04-17,1,0.9973,1.0,0.0,0.0
VEDL,2025-04-23,1,0.995,1.0,0.0,0.0
VEDL,2025-04-29,1,-0.4804,0.0,1.0,0.0
VEDL,2025-05-02,1,0.8519,1.0,0.0,0.0
VEDL,2025-05-05,3,0.9091666666666667,1.0,0.0,0.0
VEDL,2025-05-08,1,0.7178,1.0,0.0,0.0
VEDL,2025-05-30,1,0.8779,1.0,0.0,0.0
VEDL,2025-06-02,1,-0.5964,0.0,1.0,0.0
VEDL,2025-06-06,1,0.9962,1.0,0.0,0.0
VEDL,2025-06-09,1,0.9949,1.0,0.0,0.0
VEDL,2025-06-16,1,1.0,1.0,0.0,0.0
VEDL,2025-06-17,1,0.9993,1.0,0.0,0.0
VEDL,2025-06-18,1,0.7003,1.0,0.0,0.0
VEDL,2025-06-19,3,0.9996666666666667,1.0,0.0,0.0
VEDL,2025-06-20,4,0.824675,1.0,0.0,0.0
VEDL,2025-06-26,1,0.9838,1.0,0.0,0.0
VEDL,2025-06-27,2,0.976,1.0,0.0,0.0
VEDL,2025-06-30,1,0.9974,1.0,0.0,0.0
VEDL,2025-07-07,1,0.9978,1.0,0.0,0.0
VEDL,2025-07-08,1,0.9955,1.0,0.0,0.0
VEDL,2025-07-09,1,0.9965,1.0,0.0,0.0
VEDL,2025-07-10,6,0.11916666666666664,0.5,0.5,0.0
VEDL,2025-07-11,1,0.7443,1.0,0.0,0.0
VEDL,2025-07-14,1,0.9904,1.0,0.0,0.0
VEDL,2025-07-16,1,0.8485,1.0,0.0,0.0
VEDL,2025-07-17,1,0.7778,1.0,0.0,0.0
VEDL,2025-07-22,1,0.97,1.0,0.0,0.0
VEDL,2025-07-31,1,-0.2582,0.0,1.0,0.0
VEDL,2025-08-01,2,0.98915,1.0,0.0,0.0
VEDL,2025-08-04,1,0.9824,1.0,0.0,0.0
VEDL,2025-08-05,1,0.9977,1.0,0.0,0.0
VEDL,2025-08-11,1,0.5256,1.0,0.0,0.0
WIPRO,2025-02-18,1,0.9806,1.0,0.0,0.0
WIPRO,2025-02-28,1,0.998,1.0,0.0,0.0
WIPRO,2025-03-05,1,0.9596,1.0,0.0,0.0
WIPRO,2025-03-07,1,0.9983,1.0,0.0,0.0
WIPRO,2025-03-21,1,0.9905,1.0,0.0,0.0
WIPRO,2025-03-26,1,0.9986,1.0,0.0,0.0
WIPRO,2025-03-28,1,0.9985,1.0,0.0,0.0
WIPRO,2025-04-11,1,0.8523,1.0,0.0,0.0
WIPRO,2025-04-21,1,0.9985,1.0,0.0,0.0
WIPRO,2025-04-24,1,0.9876,1.0,0.0,0.0
WIPRO,2025-04-28,1,0.9975,1.0,0.0,0.0
WIPRO,2025-04-30,2,0.99515,1.0,0.0,0.0
WIPRO,2025-05-06,1,0.9977,1.0,0.0,0.0
WIPRO,2025-05-16,1,0.9994,1.0,0.0,0.0
WIPRO,2025-05-28,1,0.3804,1.0,0.0,0.0
WIPRO,2025-05-30,1,0.9756,1.0,0.0,0.0
WIPRO,2025-06-03,1,-0.9027,0.0,1.0,0.0
WIPRO,2025-06-05,1,0.9993,1.0,0.0,0.0
WIPRO,2025-06-11,1,0.9947,1.0,0.0,0.0
WIPRO,2025-06-12,1,0.9982,1.0,0.0,0.0
WIPRO,2025-06-17,1,0.9855,1.0,0.0,0.0
WIPRO,2025-06-19,1,0.9869,1.0,0.0,0.0
WIPRO,2025-06-20,1,0.9566,1.0,0.0,0.0
WIPRO,2025-06-23,1,0.9989,1.0,0.0,0.0
WIPRO,2025-06-26,1,0.9754,1.0,0.0,0.0
WIPRO,2025-06-30,1,0.9864,1.0,0.0,0.0
WIPRO,2025-07-17,1,0.3648,1.0,0.0,0.0
WIPRO,2025-07-21,1,0.9991,1.0,0.0,0.0
WIPRO,2025-07-28,1,0.9995,1.0,0.0,0.0
WIPRO,2025-08-01,1,0.9946,1.0,0.0,0.0
ZEEL,2025-04-21,1,0.9986,1.0,0.0,0.0
ZEEL,2025-05-12,2,0.9983,1.0,0.0,0.0
ZEEL,2025-06-18,1,0.9986,1.0,0.0,0.0
ZEEL,2025-07-10,1,0.9949,1.0,0.0,0.0
ZEEL,2025-07-14,1,0.9982,1.0,0.0,0.0
